Pays,Catégorie,Région,URL,Rang EGOV 2024,Indice EGOV,Indice E-Participation,Indice Services en ligne,Indice Capital humain,Indice Télécom,Perf Mobile,Perf Desktop,Access. Mobile,Access. Desktop,LCP Mobile (s),LCP Desktop (s),HTTPS,Responsive,Sitemap.xml,Technologie,Temps réponse (ms),Source,Nb Langues,Langues détectées,Moteur de recherche,Bandeau cookies,Formulaires en ligne,Chatbot,Documents PDF,Section actualités,Section marchés publics,Facebook,Twitter/X,LinkedIn,YouTube,Instagram,TikTok,Mention budget,Mention loi de finances,Mention rapport annuel,Mention open data,Mention dette publique,Mention transparence,Espace citoyen,Politique confidentialité,Mention API publique,Déclaration accessibilité,Facturation électronique,Tableau de bord temps réel,Relations investisseurs,Mécanisme de réclamations,Signalement de corruption,Liberté d'accès à l'info,Flux RSS,Abonnement newsletter,Organigramme publié,Budget citoyen,Plan stratégique,Données téléchargeables,Site multilingue,API avec documentation,Portail eID / SSO citoyen,Données budgétaires structurées,SW Visites/mois,SW Taux rebond (%),SW Pages/visite,SW Durée moy.,SW Rang mondial,SW SEO (%),SW Direct (%),SW Social (%),SW Pays principal,Score Maturité (%),Couverture (%),Score Universel (%),data_quality_flag,architecture_mode,score_portail_strict,score_provenance,score_gradue,apport_satellites,S1_portail_strict,S2_provenance,S3_sans_fragiles,S4_gradue,Score_Fondamentaux web,Score_Transparence,Score_Services,Score_Données ouvertes,Score_Ouverture institutionnelle,Statut,Collecté,Cluster,Profil Numérique,Preuve_Données_téléchargeables
Maroc,référence,Afrique,https://www.finances.gov.ma/fr/Pages/index.aspx,90.0,0.6841,0.4384,0.5618,0.6078,0.8827,,,,,,,O,O,O,SharePoint,3861.0,direct,5,"AR, EN, ES, FR, TZM",O,N,O,N,O,O,O,O,O,O,O,O,N,O,O,O,N,O,O,O,O,N,N,N,N,O,N,N,N,O,N,O,O,O,N,O,N,O,N,,,,,,,,,,55.2,100.0,86.2,live,centralized,69.5,69.5,50.2,-19.3,69.5,69.5,50.2,50.2,52.4,66.7,100.0,0.0,36.4,✓ collecté +7sat,Oui,1,Profil B — Portail Transactionnel,mention_confirmé
Danemark,meilleure pratique,Europe,https://en.fm.dk/,1.0,0.9847,0.9863,0.9992,0.9584,0.9966,,,,,,,O,O,O,Custom/Inconnu,1035.0,live,2,"DA, EN",O,O,O,N,O,O,O,O,O,O,O,O,N,O,N,O,N,O,O,O,O,O,O,N,N,N,N,O,O,O,O,N,O,N,N,N,N,O,N,,,,,,,,,,80.7,100.0,73.6,live,distributed,73.6,78.6,80.7,7.1,73.6,78.6,80.7,80.7,100.0,100.0,100.0,22.7,100.0,✓ collecté,Oui,0,Profil A — Portail Numérique Mature,
Estonie,meilleure pratique,Europe,https://www.fin.ee/,2.0,0.9727,0.9589,0.9953,0.9497,0.9731,,,,,,,O,O,O,Drupal,886.0,direct,3,"EN, ET, RU",O,O,O,N,O,O,O,O,O,O,O,O,N,O,O,N,O,N,O,O,O,N,O,N,N,N,N,N,N,O,N,O,N,O,O,O,N,O,N,,,,,,,,,,86.2,100.0,86.2,live,distributed,86.2,86.2,86.2,0.0,86.2,86.2,86.2,86.2,100.0,66.7,100.0,77.3,36.4,✓ collecté,Oui,0,Profil A — Portail Numérique Mature,portail
Singapour,meilleure pratique,Asie,https://www.mof.gov.sg/,3.0,0.9691,0.9589,0.9831,0.9362,0.9881,,,,,,,O,O,O,Custom/Inconnu,2810.0,direct,1,EN,O,O,O,N,O,O,O,O,O,O,O,O,O,O,N,O,O,N,O,O,O,N,N,N,N,N,N,N,N,O,O,N,N,O,O,N,N,N,N,,,,,,,,,,84.6,100.0,93.0,live,distributed,84.6,84.6,84.6,0.0,84.6,84.6,84.6,84.6,76.2,100.0,100.0,77.3,72.7,✓ collecté +6sat,Oui,0,Profil A — Portail Numérique Mature,portail:https://www.mof.gov.sg/news-resources/newsroom/
Corée du Sud,meilleure pratique,Asie,https://english.mofe.go.kr/,4.0,0.9679,0.9726,1.0,0.912,0.9917,,,,,,,O,O,O,Custom/Inconnu,5961.0,live,2,"EN, KO",O,N,O,N,O,O,O,O,O,N,O,O,N,O,N,N,O,N,O,N,O,O,O,N,N,O,N,N,N,N,N,N,N,N,O,N,N,N,N,,,,,,,,,,75.5,100.0,83.8,live,distributed,75.5,75.5,75.5,0.0,75.5,75.5,75.5,75.5,76.2,66.7,60.0,100.0,36.4,✓ collecté,Oui,2,Profil C — Portail Communicant,portail:https://english.mofe.go.kr/
Islande,meilleure pratique,Europe,https://www.government.is/ministries/ministry-of-finance-and-economic-affairs/,5.0,0.9671,0.9589,0.9075,0.9953,0.9983,,,,,,,O,O,N,Custom/Inconnu,1241.0,live,2,"EN, IS",O,O,O,N,O,O,O,O,O,O,O,O,N,O,N,O,O,O,O,O,O,O,N,N,N,N,N,N,N,N,N,O,N,N,N,O,N,O,N,,,,,,,,,,76.1,100.0,75.7,live,distributed,70.4,74.4,72.0,5.7,70.4,74.4,76.1,72.0,66.7,100.0,100.0,63.6,36.4,✓ collecté,Oui,0,Profil A — Portail Numérique Mature,
Arabie Saoudite,meilleure pratique,Asie,https://www.mof.gov.sa/en/,6.0,0.9602,0.9589,0.9899,0.9067,0.9841,,,,,,,O,O,O,SharePoint,2815.0,direct,2,"AR, EN",O,N,O,O,N,O,O,O,O,O,O,O,N,O,N,N,O,O,N,O,O,N,O,N,N,N,N,O,O,O,N,N,N,O,N,N,N,O,N,,,,,,,,,,60.1,100.0,68.4,live,centralized,60.1,60.1,56.0,0.0,60.1,60.1,60.1,56.0,76.2,0.0,100.0,40.9,63.6,✓ collecté,Oui,1,Profil B — Portail Transactionnel,
Royaume-Uni,meilleure pratique,Europe,https://www.gov.uk/government/organisations/hm-treasury,7.0,0.9577,0.9726,0.9535,0.945,0.9747,,,,,,,O,O,O,Custom/Inconnu,888.0,direct,1,EN,O,O,O,N,O,O,O,O,O,O,O,O,N,O,N,O,O,O,O,O,O,N,O,N,N,N,O,N,O,O,N,O,N,O,O,N,O,O,N,,,,,,,,,,92.5,100.0,92.5,live,distributed,92.5,92.5,92.5,0.0,92.5,92.5,92.5,92.5,100.0,100.0,100.0,77.3,63.6,✓ collecté +7sat,Oui,0,Profil A — Portail Numérique Mature,portail:https://www.gov.uk/government/organisations/hm-treasury
Australie,meilleure pratique,Océanie,https://treasury.gov.au/,8.0,0.9577,0.863,0.9222,1.0,0.9509,,,,,,,O,O,O,Drupal,1418.0,direct,1,EN,O,N,O,N,O,O,O,O,O,O,O,O,N,O,N,O,N,O,O,O,O,N,O,N,N,O,N,N,O,O,N,N,N,O,N,N,N,N,N,,,,,,,,,,64.8,100.0,92.5,live,distributed,84.2,84.2,64.8,-19.4,84.2,84.2,64.8,64.8,76.2,100.0,100.0,0.0,63.6,✓ collecté +7sat,Oui,1,Profil B — Portail Transactionnel,mention_confirmé
Finlande,meilleure pratique,Europe,https://vm.fi/en/frontpage,9.0,0.9575,0.8904,0.9097,0.9836,0.9791,,,,,,,O,O,O,Custom/Inconnu,7460.0,wayback,5,"EN, FI, FR, RU, SV",O,O,O,N,O,O,O,O,O,O,O,O,N,O,N,N,O,N,O,O,O,O,O,O,N,N,N,O,N,O,O,O,N,O,O,O,N,O,N,,,,,,,,,,93.6,100.0,93.6,wayback,distributed,93.6,93.6,93.6,0.0,93.6,93.6,93.6,93.6,100.0,66.7,100.0,100.0,72.7,✓ collecté ⚠️ wayback,Oui,0,Profil A — Portail Numérique Mature,non_vérifié
Pays-Bas,meilleure pratique,Europe,https://www.rijksoverheid.nl/ministeries/ministerie-van-financien,10.0,0.9538,0.9315,0.9212,0.9688,0.9715,,,,,,,O,O,O,Custom/Inconnu,1930.0,live,2,"EN, NL",O,N,O,N,N,O,O,O,O,O,O,O,N,O,N,O,O,O,O,N,O,N,O,N,N,N,N,N,N,O,N,N,N,N,O,O,N,O,N,,,,,,,,,,74.8,100.0,83.1,live,distributed,74.8,74.8,74.8,0.0,74.8,74.8,74.8,74.8,76.2,100.0,60.0,77.3,36.4,✓ collecté,Oui,0,Profil A — Portail Numérique Mature,portail
Émirats,meilleure pratique,Asie,https://www.mof.gov.ae/ar/home/,11.0,0.9533,0.7808,0.9163,0.9435,1.0,,,,,,,O,O,O,WordPress,7708.0,direct,2,"AR, EN",O,O,O,O,O,O,O,O,O,O,O,O,N,O,N,O,O,O,O,O,O,N,N,O,O,O,O,N,N,O,O,O,N,N,O,O,N,O,N,,,,,,,,,,84.6,100.0,93.0,live,centralized,84.6,84.6,84.6,0.0,84.6,84.6,84.6,84.6,76.2,100.0,100.0,77.3,72.7,✓ collecté +4sat,Oui,0,Profil A — Portail Numérique Mature,portail
Allemagne,meilleure pratique,Europe,https://www.bundesfinanzministerium.de/,12.0,0.9382,0.9726,0.9238,0.9672,0.9236,,,,,,,O,O,O,Government,965.0,direct,2,"DE, EN",O,O,O,N,O,O,O,O,O,O,O,O,O,O,O,O,N,O,O,N,O,O,N,N,N,N,N,N,O,O,N,N,N,N,N,O,N,O,N,,,,,,,,,,62.5,100.0,90.2,live,distributed,81.8,81.8,62.5,-19.3,81.8,81.8,62.5,62.5,76.2,100.0,60.0,22.7,63.6,✓ collecté +7sat,Oui,0,Profil A — Portail Numérique Mature,mention_confirmé
Japon,meilleure pratique,Asie,https://www.mof.go.jp/english/,13.0,0.9351,0.9863,0.9427,0.9117,0.9509,,,,,,,O,O,N,Custom/Inconnu,2459.0,direct,2,"EN, JA",O,O,O,N,O,O,O,O,O,O,O,O,N,O,N,O,O,O,O,O,O,N,O,N,N,N,N,N,N,O,N,N,N,N,O,O,N,N,N,,,,,,,,,,87.8,100.0,84.8,live,distributed,87.8,87.8,87.8,0.0,87.8,87.8,87.8,87.8,90.5,100.0,100.0,77.3,36.4,✓ collecté +6sat,Oui,0,Profil A — Portail Numérique Mature,confirmé:https://www.mof.go.jp/english/policy/jgbs/reference/interest_rate/jgbcme.csv
Suède,meilleure pratique,Europe,https://www.government.se/government-of-sweden/ministry-of-finance/,14.0,0.9326,0.7945,0.8836,0.9274,0.9868,,,,,,,O,O,O,Custom/Inconnu,3906.0,wayback,2,"EN, SV",O,O,O,N,O,O,O,O,O,O,O,N,N,O,N,O,O,O,O,O,O,O,O,N,N,N,N,N,N,O,N,N,N,N,O,N,N,N,N,,,,,,,,,,96.8,100.0,96.8,wayback,distributed,96.8,96.8,96.8,0.0,96.8,96.8,96.8,96.8,100.0,100.0,100.0,100.0,36.4,✓ collecté ⚠️ wayback,Oui,0,Profil A — Portail Numérique Mature,non_vérifié
Norvège,meilleure pratique,Europe,https://www.regjeringen.no/en/dep/fin/,15.0,0.9315,0.863,0.9117,0.9175,0.9654,,,,,,,O,O,N,Custom/Inconnu,5217.0,wayback,2,"EN, NO",O,O,O,N,O,O,O,N,N,O,O,O,N,N,N,O,O,N,O,O,O,N,O,N,N,N,N,N,N,O,N,N,N,N,O,N,N,O,N,,,,,,,,,,87.8,100.0,84.8,wayback,distributed,87.8,87.8,87.8,0.0,87.8,87.8,87.8,87.8,90.5,100.0,100.0,77.3,36.4,✓ collecté ⚠️ wayback,Oui,0,Profil A — Portail Numérique Mature,non_vérifié
Nouvelle-Zélande,meilleure pratique,Océanie,https://www.treasury.govt.nz/,16.0,0.9265,0.9315,0.9453,0.9615,0.8728,,,,,,,O,O,N,Drupal,6090.0,live,1,EN,O,O,O,N,N,O,O,O,N,O,O,N,N,O,O,O,O,O,O,O,O,N,N,N,N,N,N,N,O,N,N,N,N,O,N,N,N,N,N,,,,,,,,,,71.8,100.0,77.0,live,distributed,71.8,71.8,67.7,0.0,71.8,71.8,71.8,67.7,66.7,100.0,100.0,40.9,63.6,✓ collecté,Oui,1,Profil B — Portail Transactionnel,
Espagne,meilleure pratique,Europe,https://www.hacienda.gob.es/,17.0,0.9206,0.8082,0.9054,0.8961,0.9603,,,,,,,O,O,O,SharePoint,2250.0,direct,2,"EN, ES",O,O,O,N,O,O,O,O,O,O,O,O,O,O,N,N,O,O,O,O,O,N,N,N,N,N,N,N,N,O,O,O,N,N,O,O,N,O,N,,,,,,,,,,79.6,100.0,88.0,live,centralized,79.6,79.6,79.6,0.0,79.6,79.6,79.6,79.6,76.2,66.7,100.0,77.3,72.7,✓ collecté +5sat,Oui,0,Profil A — Portail Numérique Mature,portail:https://www.hacienda.gob.es/
Bahreïn,meilleure pratique,Asie,https://www.mofne.gov.bh/en/,18.0,0.9196,0.9041,0.9031,0.868,0.9877,,,,,,,O,O,N,,,direct,1,AR,O,O,O,N,O,O,O,O,O,N,O,O,N,O,O,N,O,N,O,N,O,N,O,,,,,,,,,,,,,,-,-,-,,,,,,,,,,74.8,84.5,71.7,live,centralized,74.8,74.8,68.3,0.0,74.8,74.8,74.8,68.3,90.5,66.7,60.0,64.3,100.0,✓ collecté,Oui,2,Profil C — Portail Communicant,
États-Unis,meilleure pratique,Amériques,https://home.treasury.gov/,19.0,0.9194,0.9452,0.9136,0.8842,0.9605,,,,,,,O,O,O,Drupal,778.0,direct,1,EN,O,N,O,N,O,O,O,O,O,O,N,N,N,O,N,N,O,O,O,O,O,N,O,N,N,N,N,O,O,N,N,O,N,O,O,N,N,N,O,,,,,,,,,,77.4,100.0,85.7,live,distributed,77.4,77.4,77.4,0.0,77.4,77.4,77.4,77.4,76.2,66.7,100.0,77.3,27.3,✓ collecté,Oui,1,Profil B — Portail Transactionnel,portail
Irlande,meilleure pratique,Europe,https://www.gov.ie/en/organisation/department-of-finance/,20.0,0.9138,0.9178,0.8768,0.9046,0.9599,,,,,,,O,O,O,Custom/Inconnu,669.0,direct,2,"EN, GA",O,O,O,N,O,O,O,O,O,O,O,O,O,O,O,O,N,N,O,O,O,N,O,N,N,N,N,N,O,O,N,N,N,N,N,O,N,O,N,,,,,,,,,,73.2,100.0,73.2,live,distributed,73.2,73.2,73.2,0.0,73.2,73.2,73.2,73.2,100.0,100.0,100.0,0.0,63.6,✓ collecté,Oui,0,Profil A — Portail Numérique Mature,
Lituanie,aspirationnel,Europe,https://finmin.lrv.lt/en/,21.0,0.911,0.8356,0.8839,0.8861,0.9631,,,,,,,O,O,N,Custom/Inconnu,4259.0,live,2,"EN, LT",O,O,O,N,O,O,N,O,N,O,N,N,N,O,N,N,O,O,N,N,O,N,O,N,N,N,N,N,N,N,N,N,O,N,O,O,N,N,N,,,,,,,,,,63.0,100.0,60.0,live,distributed,63.0,63.0,63.0,0.0,63.0,63.0,63.0,63.0,90.5,0.0,60.0,77.3,0.0,✓ collecté,Oui,2,Profil C — Portail Communicant,non_vérifié
Autriche,aspirationnel,Europe,https://www.bmf.gv.at/en/,22.0,0.9065,0.7808,0.8383,0.9003,0.981,,,,,,,O,O,N,Custom/Inconnu,637.0,direct,2,"DE, EN",O,O,O,N,O,O,O,O,O,O,O,O,N,O,N,N,O,O,O,O,O,N,O,N,N,N,N,O,N,O,N,N,N,N,O,O,N,O,N,,,,,,,,,,82.8,100.0,79.8,live,distributed,82.8,82.8,82.8,0.0,82.8,82.8,82.8,82.8,90.5,66.7,100.0,77.3,36.4,✓ collecté +5sat,Oui,0,Profil A — Portail Numérique Mature,portail:https://www.bmf.gv.at/en/the-ministry/minister-of-finance.html
Israël,aspirationnel,Asie,https://www.gov.il/en/departments/ministry_of_finance,23.0,0.9014,0.6986,0.8541,0.8739,0.9763,,,,,,,O,O,N,Custom/Inconnu,2641.0,live,2,"EN, HE",O,N,O,N,N,O,O,O,O,O,O,N,N,O,N,N,N,N,O,O,O,O,O,N,N,N,N,N,N,N,N,N,N,N,N,N,N,O,N,,,,,,,,,,60.8,100.0,66.1,blocked,centralized,60.8,60.8,60.8,0.0,60.8,60.8,60.8,60.8,66.7,66.7,100.0,22.7,36.4,✓ collecté,Oui,2,Profil C — Portail Communicant,
Kazakhstan,aspirationnel,Asie,https://www.minfin.gov.kz/,24.0,0.9009,0.8493,0.939,0.8403,0.9235,,,,,,,O,O,N,Custom/Inconnu,2090.0,direct,2,"KK, RU",O,N,O,N,O,O,O,O,O,N,O,O,O,O,N,N,O,N,O,O,O,O,N,N,N,N,N,N,N,O,N,N,N,O,O,O,N,O,N,,,,,,,,,,71.8,100.0,85.5,live,centralized,71.8,71.8,71.8,0.0,71.8,71.8,71.8,71.8,42.9,66.7,100.0,100.0,36.4,✓ collecté +6sat,Oui,1,Profil B — Portail Transactionnel,portail:https://www.minfin.gov.kz/
Uruguay,aspirationnel,Amériques,https://www.mef.gub.uy/,25.0,0.9006,0.863,0.8832,0.8749,0.9437,,,,,,,O,O,N,Drupal,8387.0,direct,1,ES,O,N,O,N,O,O,O,O,O,O,O,O,N,O,N,N,O,O,O,O,O,N,O,N,N,N,N,N,O,O,O,N,N,O,O,N,N,O,N,,,,,,,,,,77.7,100.0,83.0,live,centralized,77.7,77.7,77.7,0.0,77.7,77.7,77.7,77.7,66.7,66.7,100.0,77.3,100.0,✓ collecté +5sat,Oui,1,Profil B — Portail Transactionnel,portail
Suisse,aspirationnel,Europe,https://www.efd.admin.ch/,26.0,0.9003,0.8219,0.8408,0.9026,0.9576,,,,,,,O,O,O,Custom/Inconnu,1171.0,direct,3,"DE, EN, FR",O,O,O,N,O,O,O,O,O,O,O,O,N,O,N,O,O,N,O,O,O,N,O,N,N,N,N,N,N,O,N,N,N,N,O,O,N,O,N,,,,,,,,,,91.1,100.0,91.1,live,distributed,91.1,91.1,91.1,0.0,91.1,91.1,91.1,91.1,100.0,100.0,100.0,77.3,36.4,✓ collecté +5sat,Oui,0,Profil A — Portail Numérique Mature,portail:https://www.efd.admin.ch/
Türkiye,aspirationnel,Asie,https://en.hmb.gov.tr/,27.0,0.8913,0.863,0.9225,0.9192,0.8322,,,,,,,O,O,O,Custom/Inconnu,8199.0,playwright,2,"EN, TR",O,N,O,N,O,O,O,O,O,O,O,O,N,O,O,N,N,O,O,O,O,N,O,N,N,N,N,N,O,N,N,N,N,N,N,O,N,N,N,,,,,,,,,,59.9,100.0,68.2,live,centralized,59.9,59.9,59.9,0.0,59.9,59.9,59.9,59.9,76.2,66.7,100.0,0.0,63.6,✓ collecté,Oui,2,Profil C — Portail Communicant,
Malte,aspirationnel,Europe,https://finance.gov.mt/,28.0,0.8886,0.7397,0.8749,0.8162,0.9747,-,-,-,-,-,-,O,O,N,,,live,1,MT,O,O,O,N,O,O,N,O,N,N,O,O,N,O,N,N,N,N,O,N,O,N,O,,,,,,,,,,,,O,,-,-,-,-,-,-,-,-,-,-,-,-,67.8,92.8,64.7,live,centralized,67.8,67.8,67.8,0.0,67.8,67.8,67.8,67.8,90.5,66.7,60.0,36.4,100.0,✓ collecté,Oui,2,Profil C — Portail Communicant,non_vérifié
Lettonie,aspirationnel,Europe,https://www.fm.gov.lv/en,29.0,0.8852,0.7808,0.8092,0.8805,0.966,,,,,,,O,O,O,Drupal,915.0,direct,2,"EN, LV",O,O,O,N,O,O,O,O,O,O,O,O,N,O,N,O,O,O,O,O,N,N,N,N,N,N,N,O,N,O,N,N,N,N,O,O,N,O,N,,,,,,,,,,75.3,100.0,76.8,live,distributed,75.3,75.3,75.3,0.0,75.3,75.3,75.3,75.3,54.8,100.0,100.0,77.3,36.4,✓ collecté +4sat,Oui,0,Profil A — Portail Numérique Mature,portail:https://www.fm.gov.lv/en
Ukraine,aspirationnel,Europe,https://www.mof.gov.ua/,30.0,0.8841,1.0,0.9854,0.824,0.8428,,,,,,,O,O,N,,857.0,satellites,1,UK,O,N,O,N,N,O,O,O,O,O,O,N,N,O,N,N,O,N,O,N,O,N,N,N,N,N,N,N,N,O,N,O,N,O,O,N,N,N,N,,,,,,,,,,58.2,100.0,71.8,blocked,mixed,58.2,58.2,58.2,0.0,58.2,58.2,58.2,58.2,42.9,66.7,60.0,77.3,36.4,✓ collecté,Oui,1,Profil B — Portail Transactionnel,non_vérifié
Chili,aspirationnel,Amériques,https://www.hacienda.cl/,31.0,0.8827,0.8356,0.8612,0.8413,0.9455,,,,,,,O,O,N,Custom/Inconnu,4093.0,direct,2,"EN, ES",O,O,O,N,O,O,O,O,O,O,O,O,N,O,O,N,O,O,O,N,O,O,N,N,N,O,N,N,N,O,N,O,N,N,N,O,N,N,N,,,,,,,,,,63.1,100.0,68.4,live,centralized,63.1,63.1,59.0,0.0,63.1,63.1,63.1,59.0,66.7,66.7,60.0,63.6,36.4,✓ collecté,Oui,1,Profil B — Portail Transactionnel,
Croatie,aspirationnel,Europe,https://mfin.gov.hr/,32.0,0.8818,0.9178,0.8735,0.8538,0.918,,,,,,,O,O,O,,,satellites,1,HR,O,O,O,N,O,N,O,O,O,O,O,O,N,N,N,N,O,O,O,N,O,N,O,N,N,N,N,N,N,N,N,N,N,N,N,N,N,N,N,,,,,,,,,,69.0,100.0,69.0,satellite,mixed,69.0,69.0,65.0,0.0,69.0,69.0,69.0,65.0,100.0,66.7,60.0,40.9,36.4,✓ collecté,Oui,2,Profil C — Portail Communicant,
Slovénie,aspirationnel,Europe,https://www.gov.si/en/state-authorities/ministries/ministry-of-finance/,33.0,0.8759,0.7808,0.864,0.853,0.9107,,,,,,,O,O,O,Custom/Inconnu,2430.0,direct,5,"EN, ES, FR, PT, SL",O,O,O,N,O,O,O,O,O,O,O,O,O,O,N,O,N,O,O,O,N,N,O,N,N,N,O,N,N,O,N,N,N,N,N,O,N,O,N,,,,,,,,,,64.3,100.0,57.5,live,centralized,64.3,64.3,64.3,0.0,64.3,64.3,64.3,64.3,78.6,100.0,100.0,0.0,36.4,✓ collecté,Oui,0,Profil A — Portail Numérique Mature,
France,aspirationnel,Europe,https://www.economie.gouv.fr/,34.0,0.8744,0.8082,0.844,0.8565,0.9228,,,,,,,O,O,N,,566.0,satellites,1,FR,O,O,O,N,O,O,O,O,O,O,O,O,O,O,N,N,O,N,O,O,O,N,O,N,N,N,N,O,N,O,N,N,N,N,O,N,N,N,N,,,,,,,,,,82.8,100.0,79.8,satellite,mixed,82.8,82.8,82.8,0.0,82.8,82.8,82.8,82.8,90.5,66.7,100.0,77.3,36.4,✓ collecté +8sat,Oui,0,Profil A — Portail Numérique Mature,non_vérifié
Chine,aspirationnel,Asie,https://www.mof.gov.cn/en/,35.0,0.8718,0.9315,0.9258,0.7902,0.8995,,,,,,,,,,Custom/Inconnu,,playwright,2,"EN, ZH",,,,,,,,,,,,,,,,,,,,,,,,,,,,,,,,,,,,,N,O,N,,,,,,,,,,,,,failed,centralized,,,,,,,,,51.3,15.4,50.0,3.3,26.7,✗ échec (barrière linguistique — site non analysable),Non,,,
Grèce,aspirationnel,Europe,https://www.minfin.gr/,36.0,0.8674,0.6712,0.8145,0.9219,0.8657,,,,,,,O,O,O,WordPress,2718.0,direct,2,"EL, EN",O,O,O,N,O,N,O,O,O,O,O,O,N,O,N,N,O,O,N,O,N,N,O,O,N,N,N,N,N,O,N,N,N,N,O,O,N,O,N,,,,,,,,,,68.7,100.0,61.8,live,centralized,68.7,68.7,68.7,0.0,68.7,68.7,68.7,68.7,78.6,0.0,100.0,77.3,36.4,✓ collecté +4sat,Oui,0,Profil A — Portail Numérique Mature,portail:https://www.minfin.gr/
Pologne,aspirationnel,Europe,https://www.gov.pl/web/finance,37.0,0.8648,0.7534,0.8037,0.8304,0.9603,,,,,,,O,O,O,Custom/Inconnu,602.0,direct,2,"EN, PL",O,O,O,N,N,O,O,O,O,O,O,O,N,O,N,N,O,O,N,N,O,N,O,O,N,N,N,N,N,N,N,O,N,N,N,O,N,N,N,,,,,,,,,,59.0,100.0,59.0,live,centralized,59.0,59.0,54.9,0.0,59.0,59.0,59.0,54.9,100.0,0.0,60.0,40.9,36.4,✓ collecté,Oui,2,Profil C — Portail Communicant,
Chypre,aspirationnel,Asie,https://www.gov.cy/mof/,38.0,0.8619,0.6986,0.8216,0.8698,0.8941,,,,,,,O,O,N,Custom/Inconnu,,wayback,2,"EL, EN",O,O,O,N,O,O,N,O,O,O,O,O,N,O,N,N,N,N,N,N,O,N,O,N,N,N,N,N,N,N,N,N,N,N,N,N,N,O,N,,,,,,,,,,45.5,100.0,42.5,wayback,centralized,45.5,45.5,45.5,0.0,45.5,45.5,45.5,45.5,90.5,0.0,60.0,0.0,36.4,✓ collecté ⚠️ wayback,Oui,2,Profil C — Portail Communicant,
Serbie,aspirationnel,Europe,https://www.mfin.gov.rs/en,39.0,0.8618,0.8904,0.854,0.8094,0.9221,,,,,,,O,O,N,Custom/Inconnu,1346.0,direct,2,"EN, SR",O,O,O,N,O,O,O,O,O,O,O,O,N,O,O,N,O,O,O,O,O,N,N,N,N,N,N,N,N,O,N,O,N,N,O,O,N,N,N,,,,,,,,,,74.5,100.0,79.8,live,centralized,74.5,74.5,74.5,0.0,74.5,74.5,74.5,74.5,66.7,66.7,100.0,77.3,36.4,✓ collecté,Oui,1,Profil B — Portail Transactionnel,portail
Afrique du Sud,aspirationnel,Afrique,https://www.treasury.gov.za/,40.0,0.8616,0.8356,0.8872,0.8026,0.8951,,,,,,,O,O,O,Custom/Inconnu,2625.0,direct,1,EN,O,O,O,N,O,O,O,O,O,O,O,N,N,O,O,O,O,O,O,O,N,N,N,N,N,O,N,N,N,O,N,O,N,O,O,N,N,N,N,,,,,,,,,,75.3,100.0,76.8,live,centralized,75.3,75.3,75.3,0.0,75.3,75.3,75.3,75.3,54.8,100.0,100.0,77.3,36.4,✓ collecté +3sat,Oui,1,Profil B — Portail Transactionnel,confirmé:https://www.treasury.gov.za/comm_media/press/2026/July 2026 Section 216 List of selected municipalities.xlsx
Oman,aspirationnel,Asie,https://www.mof.gov.om/,41.0,0.8576,0.6575,0.8077,0.7977,0.9674,,,,,,,O,O,O,Custom/Inconnu,1512.0,direct,2,"AR, EN",O,N,O,N,O,O,O,O,O,O,O,O,N,O,N,N,O,O,O,O,O,N,N,N,N,N,N,O,N,O,N,O,N,N,N,O,N,N,N,,,,,,,,,,60.4,100.0,77.0,live,centralized,60.4,60.4,56.3,0.0,60.4,60.4,60.4,56.3,52.4,66.7,100.0,40.9,36.4,✓ collecté +3sat,Oui,1,Profil B — Portail Transactionnel,
Argentine,aspirationnel,Amériques,https://www.argentina.gob.ar/economia,42.0,0.8573,0.6301,0.7965,0.933,0.8425,,,,,,,O,O,O,Drupal,2314.0,direct,1,ES,O,N,O,N,O,O,O,O,O,O,O,O,N,O,N,N,O,N,O,O,N,N,N,N,N,N,N,N,N,N,N,O,N,N,O,N,N,O,N,,,,,,,,,,62.0,100.0,71.8,live,centralized,62.0,62.0,62.0,0.0,62.0,62.0,62.0,62.0,31.0,66.7,100.0,77.3,36.4,✓ collecté +5sat,Oui,2,Profil C — Portail Communicant,portail:https://www.argentina.gob.ar/economia
Russie,aspirationnel,Europe,https://minfin.gov.ru/en/,43.0,0.8532,0.6438,0.7766,0.8319,0.9512,,,,,,,O,O,O,Custom/Inconnu,1198.0,direct,2,"EN, RU",O,N,O,N,O,O,N,N,N,N,N,N,N,O,N,N,O,O,O,O,N,N,N,N,N,N,N,N,N,O,N,O,N,N,O,O,N,N,N,,,,,,,,,,60.2,100.0,70.0,blocked,centralized,60.2,60.2,60.2,0.0,60.2,60.2,60.2,60.2,31.0,66.7,100.0,77.3,0.0,✓ collecté,Oui,3,Profil E — Portail Minimal,non_vérifié
Liechtenstein,aspirationnel,Europe,https://www.llv.li/,44.0,0.8528,0.6575,0.7416,0.8263,0.9906,,,,,,,O,O,N,,,direct,1,DE,O,O,O,N,N,N,N,N,N,N,N,N,N,N,N,O,N,N,N,N,O,N,O,,,,,,,,,,,,,,-,-,-,,,,,,,,,,48.7,84.5,45.6,blocked,centralized,48.7,48.7,48.7,0.0,48.7,48.7,48.7,48.7,90.5,33.3,60.0,0.0,0.0,✓ collecté,Oui,4,Profil D — Portail Émergent,
Luxembourg,aspirationnel,Europe,https://mf.gouvernement.lu/,45.0,0.8466,0.6301,0.7555,0.7955,0.9888,,,,,,,O,O,N,Custom/Inconnu,1539.0,direct,3,"DE, EN, FR",O,O,O,N,O,O,N,O,O,O,O,O,O,O,N,N,N,N,O,N,O,N,O,N,N,N,N,N,N,O,N,O,N,O,N,O,N,O,N,,,,,,,,,,55.5,100.0,52.5,live,centralized,55.5,55.5,55.5,0.0,55.5,55.5,55.5,55.5,90.5,66.7,60.0,0.0,36.4,✓ collecté,Oui,1,Profil B — Portail Transactionnel,
Mongolie,aspirationnel,Asie,https://mof.gov.mn/en/,46.0,0.8457,0.7808,0.8222,0.7775,0.9374,,,,,,,O,O,N,Custom/Inconnu,,wayback,2,"EN, MN",O,N,O,N,O,N,O,O,O,N,O,N,N,O,N,N,N,N,O,N,N,N,N,N,N,N,N,N,N,N,N,N,N,N,N,O,N,N,N,,,,,,,,,,31.3,100.0,38.1,wayback,centralized,31.3,31.3,31.3,0.0,31.3,31.3,31.3,31.3,21.4,66.7,60.0,0.0,36.4,✓ collecté ⚠️ wayback,Oui,2,Profil C — Portail Communicant,
Canada,aspirationnel,Amériques,https://www.canada.ca/en/department-finance.html,47.0,0.8452,0.9178,0.8552,0.8725,0.8078,,,,,,,O,O,N,Custom/Inconnu,,live,2,"EN, FR",O,O,O,N,O,O,O,O,O,O,O,O,N,O,N,O,O,O,O,O,O,O,O,N,N,N,N,N,O,O,N,O,N,N,O,O,N,N,N,,,,,,,,,,94.9,100.0,91.8,live,distributed,94.9,94.9,94.9,0.0,94.9,94.9,94.9,94.9,90.5,100.0,100.0,100.0,63.6,✓ collecté,Oui,0,Profil A — Portail Numérique Mature,non_vérifié
Arménie,aspirationnel,Asie,https://www.minfin.am/ru/,48.0,0.8422,0.8493,0.7922,0.8561,0.8782,,,,,,,,,,Custom/Inconnu,,direct,3,"EN, HY, RU",,,,,,,,,,,,,,,,,,,,,,,,,,,,,,,,,,,,,N,N,N,,,,,,,,,,,,,failed,centralized,,,,,,,,,25.6,15.4,75.0,0.0,46.7,✗ échec (barrière linguistique — site non analysable),Non,,,
Portugal,aspirationnel,Europe,https://www.portugal.gov.pt/,49.0,0.8415,0.6438,0.7877,0.8389,0.8979,,,,,,,O,O,O,Sitecore,7475.0,playwright,2,"EN, PT",O,O,O,N,O,O,O,O,O,O,O,O,O,O,N,O,N,O,O,N,O,N,N,N,N,N,N,N,N,N,N,N,N,N,N,O,N,O,N,,,,,,,,,,55.5,100.0,83.1,live,centralized,74.8,74.8,55.5,-19.3,74.8,74.8,55.5,55.5,76.2,100.0,60.0,0.0,36.4,✓ collecté +4sat,Oui,0,Profil A — Portail Numérique Mature,mention_confirmé
Brésil,aspirationnel,Amériques,https://www.gov.br/fazenda/pt-br,50.0,0.8403,0.863,0.9063,0.8077,0.8068,,,,,,,O,O,N,Plone,1640.0,direct,2,"EN, PT",O,O,O,N,O,O,O,O,O,O,O,O,O,O,N,O,N,O,O,N,O,N,N,N,N,N,N,N,O,O,N,O,N,O,N,O,N,O,N,,,,,,,,,,53.5,100.0,78.1,live,centralized,72.8,72.8,53.5,-19.3,72.8,72.8,53.5,53.5,66.7,100.0,60.0,0.0,63.6,✓ collecté +5sat,Oui,1,Profil B — Portail Transactionnel,mention_confirmé
Italie,pair,Europe,https://www.mef.gov.it/,51.0,0.8356,0.6575,0.7624,0.8426,0.9017,,,,,,,O,O,N,Custom/Inconnu,576.0,direct,2,"EN, IT",O,O,O,N,O,O,O,O,O,O,O,O,N,N,N,N,O,N,N,O,O,N,O,N,N,N,N,N,N,N,N,O,N,N,O,O,N,O,N,,,,,,,,,,72.8,100.0,69.8,live,centralized,72.8,72.8,72.8,0.0,72.8,72.8,72.8,72.8,90.5,0.0,100.0,77.3,36.4,✓ collecté +4sat,Oui,0,Profil A — Portail Numérique Mature,portail:https://www.mef.gov.it/
Thaïlande,pair,Asie,https://www.mof.go.th/,52.0,0.8351,0.7534,0.7611,0.8032,0.941,-,-,-,-,-,-,,,,,,direct,1,TH,,,,,,,,,,,,,,,,,,,,,,,,,,,,,,,,,,,,,-,-,-,-,-,-,-,-,-,-,-,-,,,,failed,centralized,,,,,,,,,42.9,33.3,0.0,0.0,0.0,✗ échec (barrière linguistique — site non analysable),Non,,,
Qatar,pair,Asie,https://www.mof.gov.qa/en,53.0,0.8244,0.4795,0.7655,0.7114,0.9963,,,,,,,O,O,O,Custom/Inconnu,5923.0,wayback,2,"AR, EN",O,O,O,N,O,O,O,O,O,O,O,O,N,O,O,O,O,O,O,O,O,N,O,N,O,N,N,N,N,N,N,O,N,O,O,N,N,O,N,,,,,,,,,,91.1,100.0,91.1,wayback,centralized,91.1,91.1,91.1,0.0,91.1,91.1,91.1,91.1,100.0,100.0,100.0,77.3,36.4,✓ collecté ⚠️ wayback,Oui,0,Profil A — Portail Numérique Mature,non_vérifié
Tchéquie,pair,Europe,https://www.mfcr.cz/,54.0,0.8239,0.589,0.7006,0.8508,0.9204,,,,,,,O,O,O,Custom/Inconnu,1261.0,direct,2,"CS, EN",O,O,O,N,O,O,O,O,O,O,O,O,N,O,N,O,O,N,N,N,O,N,O,N,N,N,N,N,N,O,N,O,N,N,N,O,N,O,N,,,,,,,,,,64.0,100.0,64.0,live,centralized,64.0,64.0,59.9,0.0,64.0,64.0,64.0,59.9,100.0,33.3,60.0,40.9,36.4,✓ collecté +4sat,Oui,0,Profil A — Portail Numérique Mature,
Bulgarie,pair,Europe,https://www.minfin.bg/,55.0,0.8145,0.6712,0.7727,0.7538,0.9171,-,-,-,-,-,-,O,O,N,,,direct,1,BG,N,O,N,N,N,N,N,N,N,N,N,N,N,N,N,N,N,N,N,N,O,N,O,,,,,,,,,,,,,,-,-,-,-,-,-,-,-,-,-,-,-,29.2,84.5,23.9,live,centralized,29.2,29.2,29.2,0.0,29.2,29.2,29.2,29.2,83.3,0.0,0.0,0.0,0.0,✓ collecté,Oui,4,Profil D — Portail Émergent,
Belgique,pair,Europe,https://finances.belgium.be/fr,56.0,0.8121,0.5068,0.7224,0.8442,0.8698,,,,,,,O,O,O,Custom/Inconnu,6071.0,playwright,1,NL,O,O,O,N,O,O,O,O,O,O,O,O,N,O,N,O,N,N,O,O,O,N,O,N,N,N,N,N,N,N,N,N,N,N,O,N,N,N,N,,,,,,,,,,80.9,100.0,91.1,live,distributed,91.1,91.1,80.9,-10.2,91.1,91.1,80.9,80.9,100.0,100.0,100.0,36.4,36.4,✓ collecté,Oui,0,Profil A — Portail Numérique Mature,mention_confirmé
Malaisie,pair,Asie,https://www.treasury.gov.my/,57.0,0.8111,0.6986,0.728,0.7192,0.9862,-,-,-,-,-,-,,,,,,direct,1,MS,,,,,,,,,,,,,,,,,,,,,,,,,,,,,,,,,,,,,-,-,-,-,-,-,-,-,-,-,-,-,,,,failed,centralized,,,,,,,,,59.5,33.3,0.0,0.0,0.0,✗ échec (barrière linguistique — site non analysable),Non,,,
Pérou,pair,Amériques,https://www.mef.gob.pe/,58.0,0.807,0.7534,0.8377,0.7469,0.8364,,,,,,,O,O,N,Custom/Inconnu,991.0,direct,1,ES,O,N,N,N,O,O,O,O,O,O,O,O,O,O,N,N,O,O,O,N,O,N,N,N,N,N,N,N,N,N,N,N,N,N,N,N,N,N,N,,,,,,,,,,37.1,100.0,50.7,live,centralized,37.1,37.1,33.0,0.0,37.1,37.1,37.1,33.0,42.9,66.7,0.0,40.9,36.4,✓ collecté,Oui,2,Profil C — Portail Communicant,
Hongrie,pair,Europe,https://kormany.hu/,59.0,0.8043,0.5479,0.7144,0.8703,0.8282,,,,,,,O,O,N,Custom/Inconnu,2937.0,direct,2,"EN, HU",O,O,O,N,O,O,O,O,N,O,O,O,O,O,N,O,N,O,N,O,O,N,O,N,N,N,N,N,N,O,N,N,N,N,N,O,N,N,N,,,,,,,,,,58.5,100.0,55.4,live,centralized,58.5,58.5,58.5,0.0,58.5,58.5,58.5,58.5,90.5,33.3,100.0,0.0,36.4,✓ collecté +4sat,Oui,0,Profil A — Portail Numérique Mature,
Slovaquie,pair,Europe,https://www.mfsr.sk/en/,60.0,0.8021,0.6986,0.7097,0.7982,0.8985,,,,,,,O,O,N,Webjet,1179.0,direct,2,"EN, SK",O,O,O,N,O,O,O,O,N,O,O,O,N,O,N,O,O,O,O,O,O,N,O,O,N,N,N,N,N,O,N,N,N,N,O,O,N,O,N,,,,,,,,,,87.8,100.0,84.8,live,centralized,87.8,87.8,87.8,0.0,87.8,87.8,87.8,87.8,90.5,100.0,100.0,77.3,36.4,✓ collecté +4sat,Oui,0,Profil A — Portail Numérique Mature,portail:https://www.mfsr.sk/en/
Costa Rica,pair,Amériques,https://www.hacienda.go.cr/,61.0,0.8009,0.726,0.7217,0.7877,0.8933,,,,,,,O,O,N,,802.0,satellites,1,ES,N,N,O,N,N,N,N,N,N,N,N,N,N,N,N,N,O,N,O,N,N,N,N,N,N,N,N,N,N,N,N,N,N,N,N,N,N,N,N,,,,,,,,,,37.2,100.0,41.8,satellite,mixed,37.2,37.2,33.1,0.0,37.2,37.2,37.2,33.1,14.3,66.7,60.0,40.9,0.0,✓ collecté +4sat,Oui,4,Profil D — Portail Émergent,
Albanie,pair,Europe,https://www.financa.gov.al/,62.0,0.8,0.726,0.8144,0.8106,0.775,,,,,,,O,O,O,Custom/Inconnu,894.0,direct,1,SQ,O,N,O,N,N,N,N,O,N,N,N,O,N,O,N,N,N,N,O,O,N,N,O,N,N,N,N,N,N,N,N,N,N,N,N,N,N,N,N,,,,,,,,,,49.2,100.0,50.7,live,centralized,49.2,49.2,49.2,0.0,49.2,49.2,49.2,49.2,54.8,66.7,100.0,0.0,0.0,✓ collecté,Oui,4,Profil D — Portail Émergent,
Ouzbékistan,pair,Asie,https://www.imv.uz/en,63.0,0.7999,0.6986,0.7648,0.758,0.8769,,,,,,,O,O,N,Custom/Inconnu,7331.0,wayback,2,"EN, UZ",O,N,O,N,O,O,O,O,O,O,N,O,N,O,N,N,O,O,O,O,N,O,N,N,N,N,N,N,N,N,N,N,N,N,N,N,N,O,N,,,,,,,,,,53.4,100.0,60.2,wayback,centralized,53.4,53.4,49.3,0.0,53.4,53.4,53.4,49.3,21.4,66.7,100.0,63.6,0.0,✓ collecté ⚠️ wayback,Oui,2,Profil C — Portail Communicant,
Indonésie,pair,Asie,https://www.kemenkeu.go.id/,64.0,0.7991,0.7945,0.8035,0.7293,0.8645,,,,,,,O,O,O,Custom/Inconnu,,wayback,2,"EN, ID",O,N,O,O,N,O,O,O,O,O,O,O,O,O,N,O,O,N,N,N,N,N,O,N,N,N,N,N,N,N,N,O,N,O,O,O,N,N,N,,,,,,,,,,57.3,100.0,58.8,wayback,centralized,57.3,57.3,57.3,0.0,57.3,57.3,57.3,57.3,54.8,33.3,60.0,77.3,36.4,✓ collecté ⚠️ wayback,Oui,2,Profil C — Portail Communicant,non_vérifié
Mexique,pair,Amériques,https://www.gob.mx/shcp,65.0,0.785,0.7397,0.7637,0.7603,0.831,,,,,,,O,O,N,Custom/Inconnu,480.0,direct,2,"EN, ES",O,N,O,N,O,O,O,O,O,O,O,O,N,O,N,N,N,N,O,N,N,N,O,N,N,N,N,N,N,N,N,N,N,N,N,N,N,N,N,,,,,,,,,,39.6,100.0,57.5,live,centralized,59.0,59.0,39.6,-19.4,59.0,59.0,39.6,39.6,45.2,66.7,60.0,0.0,36.4,✓ collecté +5sat,Oui,2,Profil C — Portail Communicant,mention_confirmé
Koweït,pair,Asie,https://www.mof.gov.kw/,66.0,0.7812,0.3014,0.6365,0.7083,0.9988,,,,,,,O,O,N,Custom/Inconnu,,wayback,2,"AR, EN",O,N,O,N,O,O,N,O,O,N,O,O,N,O,N,N,O,N,O,O,O,N,N,N,N,N,N,N,N,N,N,O,N,N,N,O,N,N,N,,,,,,,,,,57.1,100.0,70.7,wayback,centralized,57.1,57.1,53.0,0.0,57.1,57.1,57.1,53.0,42.9,66.7,100.0,40.9,36.4,✓ collecté +1sat ⚠️ wayback,Oui,2,Profil C — Portail Communicant,
Équateur,pair,Amériques,https://www.finanzas.gob.ec/,67.0,0.78,0.8767,0.8851,0.7715,0.6834,,,,,,,O,O,O,WordPress,3380.0,direct,1,ES,O,O,O,N,O,O,O,O,O,N,O,N,N,O,N,N,O,O,O,O,O,N,N,N,N,O,N,N,N,O,N,O,N,O,N,N,N,O,N,,,,,,,,,,68.7,100.0,77.0,live,centralized,68.7,68.7,64.6,0.0,68.7,68.7,68.7,64.6,76.2,66.7,100.0,40.9,36.4,✓ collecté +3sat,Oui,1,Profil B — Portail Transactionnel,
Colombie,pair,Amériques,https://www.minhacienda.gov.co/,68.0,0.7793,0.7397,0.7521,0.7793,0.8065,,,,,,,O,O,O,Custom/Inconnu,3175.0,direct,2,"EN, ES",O,O,O,N,O,O,O,O,O,O,O,O,O,O,N,N,N,N,O,N,O,N,N,N,N,N,N,O,O,O,N,O,N,O,N,N,N,O,N,,,,,,,,,,51.9,100.0,79.5,live,centralized,71.2,71.2,51.9,-19.3,71.2,71.2,51.9,51.9,76.2,66.7,60.0,0.0,63.6,✓ collecté +5sat,Oui,1,Profil B — Portail Transactionnel,mention_confirmé
Géorgie,pair,Asie,https://www.mof.ge/en,69.0,0.7792,0.5616,0.5652,0.8654,0.9071,,,,,,,O,O,N,Custom/Inconnu,1228.0,direct,2,"EN, KA",O,N,N,N,N,O,N,O,O,N,O,N,N,O,N,O,N,O,O,O,O,N,O,N,N,O,N,N,N,N,N,N,N,N,N,O,N,O,N,,,,,,,,,,48.2,100.0,53.5,live,centralized,48.2,48.2,45.8,0.0,48.2,48.2,48.2,45.8,66.7,100.0,40.0,0.0,36.4,✓ collecté,Oui,2,Profil C — Portail Communicant,
Moldavie,pair,Europe,https://mf.gov.md/,70.0,0.772,0.726,0.7264,0.7776,0.8118,,,,,,,O,O,O,Drupal,1065.0,direct,3,"EN, RO, RU",O,N,N,N,O,N,O,O,N,O,O,O,O,O,N,O,N,O,O,O,N,N,N,N,N,N,N,N,N,O,N,N,O,N,N,O,N,O,N,,,,,,,,,,35.7,100.0,45.5,live,centralized,35.7,35.7,33.3,0.0,35.7,35.7,35.7,33.3,31.0,100.0,40.0,0.0,36.4,✓ collecté,Oui,3,Profil E — Portail Minimal,
Viêt Nam,pair,Asie,https://www.mof.gov.vn/,71.0,0.7709,0.6027,0.7081,0.7267,0.878,,,,,,,O,O,O,Custom/Inconnu,1728.0,direct,1,VI,O,N,O,N,N,O,O,O,N,N,O,N,N,N,N,N,O,N,N,O,N,N,N,N,N,N,N,N,N,N,N,N,N,N,N,N,N,O,N,,,,,,,,,,42.9,100.0,52.7,live,centralized,42.9,42.9,38.8,0.0,42.9,42.9,42.9,38.8,31.0,0.0,100.0,40.9,36.4,✓ collecté +3sat,Oui,3,Profil E — Portail Minimal,
Roumanie,pair,Europe,https://www.mfinante.gov.ro/,72.0,0.7636,0.6849,0.6548,0.7439,0.8922,,,,,,,O,O,O,Custom/Inconnu,2462.0,direct,2,"EN, RO",O,O,O,N,O,N,O,O,O,N,O,O,N,O,N,O,O,N,N,N,N,N,N,N,N,N,N,N,N,O,N,O,N,N,O,O,N,O,N,,,,,,,,,,57.3,100.0,58.8,live,centralized,57.3,57.3,57.3,0.0,57.3,57.3,57.3,57.3,54.8,33.3,60.0,77.3,36.4,✓ collecté +3sat,Oui,0,Profil A — Portail Numérique Mature,portail:https://www.mfinante.gov.ro/
Philippines,pair,Asie,https://www.dof.gov.ph/,,,,,,,,,,,,,O,O,O,,,,1,TL,O,O,O,N,O,O,O,O,O,O,O,O,O,O,N,O,O,N,O,N,O,N,O,,,,,,,,,,,,,,-,-,-,,,,,,,,,,83.1,84.5,83.1,live,centralized,83.1,83.1,76.7,0.0,83.1,83.1,83.1,76.7,100.0,100.0,60.0,64.3,100.0,✓ collecté,Oui,2,Profil C — Portail Communicant,
Azerbaïdjan,pair,Asie,https://maliyye.gov.az/,74.0,0.7607,0.4932,0.7386,0.7233,0.8203,,,,,,,O,O,O,Custom/Inconnu,1127.0,direct,2,"AZ, EN",O,N,O,N,O,N,N,O,O,O,O,O,N,O,N,N,N,N,N,O,N,N,N,N,N,N,N,N,N,N,N,N,N,N,N,O,N,O,N,,,,,,,,,,32.7,100.0,42.5,live,centralized,32.7,32.7,32.7,0.0,32.7,32.7,32.7,32.7,31.0,0.0,100.0,0.0,36.4,✓ collecté,Oui,3,Profil E — Portail Minimal,
Brunei,pair,Asie,https://www.mof.gov.bn/,,,,,,,,,,,,,O,,,,,,,,,,,,,,,,,,,,,,,,,,,,,,,,,,,,,,,,,,,,-,-,-,,,,,,,,,,,,,live,centralized,,,,,,,,,,,,,,✗ erreur,?,,,
Maurice,pair,Afrique,https://mof.govmu.org/,76.0,0.7506,0.411,0.5903,0.7456,0.9159,,,,,,,O,O,N,SharePoint,2749.0,direct,1,EN,O,N,O,N,O,O,O,N,O,N,N,N,N,O,N,O,N,O,N,O,N,N,N,N,N,N,N,N,N,O,N,N,N,N,N,N,N,O,N,,,,,,,,,,32.5,100.0,39.3,live,centralized,32.5,32.5,32.5,0.0,32.5,32.5,32.5,32.5,21.4,33.3,100.0,0.0,0.0,✓ collecté,Oui,3,Profil E — Portail Minimal,
Biélorussie,pair,Europe,https://www.minfin.gov.by/,77.0,0.7445,0.4932,0.576,0.7419,0.9156,,,,,,,O,N,O,Custom/Inconnu,1067.0,direct,3,"BE, EN, RU",O,N,O,N,O,O,N,O,N,N,N,N,N,O,N,N,N,O,N,O,N,N,N,N,N,N,N,N,N,O,N,N,N,N,O,O,N,N,N,,,,,,,,,,37.4,100.0,45.0,live,centralized,37.4,37.4,37.4,0.0,37.4,37.4,37.4,37.4,23.8,0.0,100.0,36.4,0.0,✓ collecté,Oui,3,Profil E — Portail Minimal,confirmé:https://www.minfin.gov.by/upload/depcen/obligacii/obl_obr_0726.xlsx
Kirghizstan,pair,Asie,https://www.minfin.gov.kg/,78.0,0.7316,0.4658,0.6072,0.7061,0.8815,,,,,,,,,,Custom/Inconnu,,direct,1,RU,,,,,,,,,,,,,,,,,,,,,,,,,,,,,,,,,,,,,N,N,N,,,,,,,,,,,,,failed,centralized,,,,,,,,,25.6,69.2,0.0,30.0,13.3,✗ échec (barrière linguistique — site non analysable),Non,,,
Panama,pair,Amériques,https://www.mef.gob.pa/,79.0,0.7298,0.5205,0.6505,0.6866,0.8523,,,,,,,O,O,O,WordPress,2662.0,direct,1,ES,O,N,O,N,O,O,O,O,O,O,O,O,N,O,N,N,O,O,O,O,O,O,N,N,N,N,N,N,N,O,N,N,O,O,O,N,N,O,N,,,,,,,,,,75.2,100.0,91.8,live,centralized,75.2,75.2,75.2,0.0,75.2,75.2,75.2,75.2,52.4,66.7,100.0,100.0,36.4,✓ collecté +4sat,Oui,1,Profil B — Portail Transactionnel,portail:https://www.mef.gob.pa/
Paraguay,pair,Amériques,https://www.hacienda.gov.py/,80.0,0.7251,0.6027,0.6712,0.7093,0.7947,,,,,,,O,O,N,Drupal,6196.0,direct,2,"EN, ES",O,N,O,N,O,O,O,O,O,O,O,O,N,O,N,N,O,N,O,O,N,N,N,N,N,N,N,N,O,O,N,O,O,O,O,O,N,O,N,,,,,,,,,,60.0,100.0,66.8,live,centralized,60.0,60.0,60.0,0.0,60.0,60.0,60.0,60.0,21.4,66.7,100.0,77.3,63.6,✓ collecté +3sat,Oui,1,Profil B — Portail Transactionnel,portail:https://www.hacienda.gov.py/
Monténégro,pair,Europe,https://www.gov.me/en/mif,81.0,0.7211,0.5068,0.5214,0.719,0.9229,,,,,,,O,O,O,Custom/Inconnu,4157.0,live,2,"EN, SR",O,N,O,N,N,O,O,O,O,O,O,O,N,O,N,N,N,N,N,O,O,N,O,N,N,N,N,N,N,N,N,N,N,N,N,N,N,O,N,,,,,,,,,,48.5,100.0,56.8,live,centralized,48.5,48.5,48.5,0.0,48.5,48.5,48.5,48.5,76.2,0.0,100.0,0.0,36.4,✓ collecté,Oui,2,Profil C — Portail Communicant,
Monaco,pair,Europe,https://www.gouv.mc/Action-Gouvernementale/Les-Finances-de-la-Principaute,82.0,0.7175,0.1507,0.4838,0.7515,0.9171,,,,,,,O,O,O,Monaco,845.0,direct,3,"EN, ES, FR",O,N,O,N,N,O,N,O,O,O,O,O,N,O,N,N,N,N,O,O,O,N,N,N,N,N,N,N,N,O,N,N,N,N,N,O,N,O,N,,,,,,,,,,50.2,100.0,66.8,live,centralized,50.2,50.2,50.2,0.0,50.2,50.2,50.2,50.2,52.4,66.7,100.0,0.0,36.4,✓ collecté +2sat,Oui,3,Profil E — Portail Minimal,
Bahamas,pair,Amériques,https://www.bahamas.gov.bs/,83.0,0.7143,0.3151,0.5402,0.7376,0.8652,,,,,,,O,O,N,Custom/Inconnu,5656.0,direct,4,"EN, ES, FR, PT",O,N,O,N,O,O,O,N,N,N,N,N,N,O,N,N,N,N,N,O,O,N,O,N,N,N,N,N,N,N,N,N,N,O,N,O,N,N,N,,,,,,,,,,43.3,100.0,48.6,live,centralized,43.3,43.3,43.3,0.0,43.3,43.3,43.3,43.3,66.7,0.0,100.0,0.0,0.0,✓ collecté +2sat,Oui,4,Profil D — Portail Émergent,
Macédoine du Nord,pair,Europe,https://www.finance.gov.mk/,84.0,0.707,0.5753,0.6642,0.7023,0.7546,,,,,,,O,O,O,Custom/Inconnu,3808.0,direct,1,MK,O,O,N,N,O,O,N,O,O,N,O,O,N,N,N,O,O,N,N,O,N,N,N,N,N,N,N,N,N,N,N,N,N,N,N,N,N,O,N,,,,,,,,,,44.2,100.0,45.7,live,centralized,44.2,44.2,37.7,0.0,44.2,44.2,44.2,37.7,54.8,33.3,40.0,40.9,36.4,✓ collecté,Oui,3,Profil E — Portail Minimal,
Rép. Dominicaine,pair,Amériques,https://hacienda.gob.do/,85.0,0.7013,0.6575,0.6405,0.7189,0.7444,,,,,,,O,O,O,WordPress,1451.0,direct,1,ES,O,O,O,N,O,O,O,O,O,O,O,O,N,O,N,N,N,N,O,N,O,N,N,N,N,N,N,N,N,O,N,O,N,O,N,N,N,O,N,,,,,,,,,,50.5,100.0,78.2,live,centralized,69.8,69.8,50.5,-19.3,69.8,69.8,50.5,50.5,76.2,66.7,60.0,0.0,36.4,✓ collecté +4sat,Oui,1,Profil B — Portail Transactionnel,mention_confirmé
Trinidad & Tobago,pair,Amériques,https://www.finance.gov.tt/,86.0,0.6973,0.3288,0.5999,0.7174,0.7745,,,,,,,O,O,O,WordPress,8050.0,wayback,1,EN,O,O,O,N,O,O,O,O,O,N,O,O,N,O,N,O,N,O,O,O,O,N,N,N,N,N,N,N,O,O,N,N,N,O,N,N,N,O,N,,,,,,,,,,64.8,100.0,73.2,wayback,centralized,64.8,64.8,64.8,0.0,64.8,64.8,64.8,64.8,76.2,100.0,100.0,0.0,63.6,✓ collecté ⚠️ wayback,Oui,1,Profil B — Portail Transactionnel,
Tunisie,pair,Afrique,http://finances.gov.tn/,,,,,,,,,,,,,N,O,O,,,,1,AR,O,O,N,N,O,O,O,O,N,N,O,N,N,O,O,O,O,O,O,N,N,N,N,,,,,,,,,,,,,,-,-,-,,,,,,,,,,52.7,84.5,72.0,live,centralized,72.7,72.7,46.3,-20.0,72.7,72.7,52.7,46.3,47.6,100.0,0.0,64.3,100.0,✓ collecté,Oui,2,Profil C — Portail Communicant,
Andorre,pair,Europe,https://www.finances.ad/,88.0,0.6893,0.5479,0.478,0.6668,0.9231,,,,,,,O,O,O,Custom/Inconnu,1650.0,direct,1,CA,O,N,O,N,N,O,O,N,O,O,O,O,N,N,N,N,N,N,O,O,N,N,N,N,N,N,N,N,N,N,N,O,N,N,N,N,N,O,N,,,,,,,,,,42.7,100.0,52.5,live,centralized,42.7,42.7,42.7,0.0,42.7,42.7,42.7,42.7,31.0,66.7,100.0,0.0,36.4,✓ collecté,Oui,3,Profil E — Portail Minimal,
Jordanie,pair,Asie,https://www.mof.gov.jo/,89.0,0.6849,0.6164,0.7591,0.6458,0.6499,,,,,,,O,O,N,Custom/Inconnu,,wayback,2,"AR, EN",O,O,O,N,O,O,O,O,O,N,O,N,N,O,N,N,O,O,N,N,O,N,O,N,N,N,N,N,N,N,N,N,N,N,N,O,N,O,N,,,,,,,,,,55.7,100.0,52.7,wayback,centralized,55.7,55.7,51.6,0.0,55.7,55.7,55.7,51.6,90.5,0.0,60.0,40.9,36.4,✓ collecté ⚠️ wayback,Oui,2,Profil C — Portail Communicant,
Barbade,pair,Amériques,https://www.finance.gov.bb/,91.0,0.6815,0.3288,0.4975,0.7845,0.7624,,,,,,,,,,,,direct,,,,,,,,,,,,,,,,,,,,,,,,,,,,,,,,,,,,,,,-,-,-,,,,,,,,,,,,,failed,centralized,,,,,,,,,,,,,,✗ échec,Non,,,
Seychelles,pair,Afrique,https://www.mof.gov.sc/,92.0,0.6773,0.3014,0.4638,0.6769,0.8913,,,,,,,,,,,,direct,,,,,,,,,,,,,,,,,,,,,,,,,,,,,,,,,,,,,,,-,-,-,,,,,,,,,,,,,failed,centralized,,,,,,,,,,,,,,✗ échec,Non,,,
Fidji,pair,Océanie,https://www.economy.gov.fj/,93.0,0.6754,0.3973,0.5343,0.7413,0.7507,,,,,,,O,O,N,Joomla,8535.0,wayback,1,EN,O,N,O,N,O,N,N,O,O,N,N,N,N,O,N,N,N,N,N,N,N,N,N,N,N,N,N,N,N,N,N,N,N,O,N,N,N,N,N,,,,,,,,,,19.5,100.0,26.3,wayback,centralized,19.5,19.5,19.5,0.0,19.5,19.5,19.5,19.5,21.4,0.0,60.0,0.0,0.0,✓ collecté ⚠️ wayback,Oui,4,Profil D — Portail Émergent,
Maldives,pair,Asie,https://www.finance.gov.mv/,94.0,0.6745,0.4795,0.622,0.613,0.7886,,,,,,,O,O,N,Custom/Inconnu,3055.0,direct,2,"DV, EN",O,N,O,O,O,O,O,O,O,N,N,O,N,O,O,O,N,O,N,O,N,N,N,N,N,N,N,O,O,O,N,O,N,O,N,N,N,O,N,,,,,,,,,,33.9,100.0,40.7,live,centralized,33.9,33.9,33.9,0.0,33.9,33.9,33.9,33.9,21.4,33.3,100.0,0.0,27.3,✓ collecté +2sat,Oui,1,Profil B — Portail Transactionnel,
Égypte,pair,Afrique,https://www.mof.gov.eg/,95.0,0.6699,0.589,0.7002,0.615,0.6946,,,,,,,O,O,O,Custom/Inconnu,9821.0,playwright,2,"AR, EN",O,N,O,N,O,O,O,O,O,O,O,O,N,O,N,N,N,O,O,O,N,N,N,O,N,O,N,N,N,N,N,O,O,O,N,O,N,O,N,,,,,,,,,,42.7,100.0,52.5,live,centralized,42.7,42.7,42.7,0.0,42.7,42.7,42.7,42.7,31.0,66.7,100.0,0.0,36.4,✓ collecté +3sat,Oui,3,Profil E — Portail Minimal,
Jamaïque,pair,Amériques,https://www.mof.gov.jm/,96.0,0.6678,0.4384,0.5677,0.706,0.7296,,,,,,,O,O,O,WordPress,4574.0,direct,1,EN,O,N,O,O,O,O,O,O,O,O,O,O,O,O,N,N,N,O,O,N,O,N,N,N,N,N,N,N,N,O,N,N,N,O,N,N,N,O,N,,,,,,,,,,42.2,100.0,58.8,live,centralized,42.2,42.2,42.2,0.0,42.2,42.2,42.2,42.2,52.4,66.7,60.0,0.0,36.4,✓ collecté,Oui,1,Profil B — Portail Transactionnel,
Inde,pair,Asie,https://www.indiabudget.gov.in/,97.0,0.6678,0.6575,0.8184,0.6149,0.57,,,,,,,O,O,N,Custom/Inconnu,1707.0,direct,2,"EN, HI",O,O,O,N,O,O,O,O,O,N,O,O,N,O,O,O,O,O,N,O,O,N,O,N,N,N,N,N,O,O,N,N,O,N,O,O,N,O,N,,,,,,,,,,79.2,100.0,76.1,live,centralized,79.2,79.2,79.2,0.0,79.2,79.2,79.2,79.2,90.5,33.3,100.0,77.3,63.6,✓ collecté +5sat,Oui,0,Profil A — Portail Numérique Mature,lien_mort:https://www.indiabudget.gov.in/doc/AFS/allafs.xlsx
Sri Lanka,pair,Asie,https://www.treasury.gov.lk/,98.0,0.6667,0.411,0.5494,0.657,0.7936,,,,,,,O,O,N,Custom/Inconnu,1680.0,direct,3,"EN, SI, TA",O,N,O,N,O,O,O,O,O,N,O,N,N,O,N,O,N,O,N,N,N,N,N,N,N,O,N,N,N,O,N,N,O,N,N,O,N,O,N,,,,,,,,,,26.3,100.0,33.1,live,centralized,26.3,26.3,26.3,0.0,26.3,26.3,26.3,26.3,21.4,33.3,60.0,0.0,36.4,✓ collecté +2sat,Oui,3,Profil E — Portail Minimal,
Bolivie,pair,Amériques,https://www.economiayfinanzas.gob.bo/,99.0,0.6651,0.4247,0.5987,0.6876,0.7089,,,,,,,O,O,N,Drupal,2714.0,direct,1,ES,O,N,N,N,O,O,O,O,O,N,O,O,O,O,N,N,N,O,O,N,N,N,N,N,N,N,N,N,N,N,N,O,O,O,N,N,N,N,N,,,,,,,,,,19.3,100.0,26.1,live,centralized,19.3,19.3,19.3,0.0,19.3,19.3,19.3,19.3,21.4,66.7,0.0,0.0,36.4,✓ collecté,Oui,2,Profil C — Portail Communicant,
Bangladesh,pair,Asie,https://www.mof.gov.bd/,100.0,0.657,0.6164,0.7374,0.5834,0.6501,,,,,,,O,O,N,Custom/Inconnu,7220.0,direct,2,"BN, EN",O,N,O,N,O,O,O,O,O,O,O,N,N,O,O,O,N,N,O,O,O,N,N,N,N,N,N,N,O,O,N,N,N,O,O,O,N,O,N,,,,,,,,,,62.3,100.0,75.9,live,centralized,62.3,62.3,62.3,0.0,62.3,62.3,62.3,62.3,42.9,100.0,100.0,36.4,63.6,✓ collecté +3sat,Oui,1,Profil B — Portail Transactionnel,non_vérifié
Iran,observation,Asie,https://www.mefa.gov.ir/,101.0,0.6564,0.1781,0.3773,0.6932,0.8987,,,,,,,,,,,,direct,,,,,,,,,,,,,,,,,,,,,,,,,,,,,,,,,,,,,,,-,-,-,,,,,,,,,,,,,failed,centralized,,,,,,,,,,,,,,✗ échec,Non,,,
Saint-Marin,observation,Europe,https://www.finanze.sm/,102.0,0.6551,0.1233,0.3575,0.6587,0.9491,,,,,,,O,O,N,Custom/Inconnu,1031.0,direct,2,"EN, IT",N,O,N,N,O,N,N,O,N,N,O,O,N,O,N,N,N,N,N,N,O,N,N,N,N,N,N,N,N,N,N,N,N,N,N,O,N,N,N,,,,,,,,,,22.6,100.0,25.7,live,centralized,22.6,22.6,22.6,0.0,22.6,22.6,22.6,22.6,59.5,0.0,0.0,0.0,36.4,✓ collecté,Oui,4,Profil D — Portail Émergent,
Bhoutan,observation,Asie,https://www.mof.gov.bt/,103.0,0.6511,0.4932,0.5886,0.5478,0.8169,,,,,,,O,O,O,WordPress,4336.0,direct,2,"DZ, EN",O,N,O,N,O,O,O,O,N,N,N,N,N,O,N,N,N,O,N,O,N,N,N,N,N,N,N,N,N,O,N,O,N,N,N,N,N,O,N,,,,,,,,,,30.9,100.0,40.7,live,centralized,30.9,30.9,30.9,0.0,30.9,30.9,30.9,30.9,31.0,0.0,100.0,0.0,0.0,✓ collecté,Oui,3,Profil E — Portail Minimal,
Grenade,observation,Amériques,https://www.finance.gov.gd/,104.0,0.6458,0.2466,0.5056,0.755,0.6767,,,,,,,,,,,,direct,,,,,,,,,,,,,,,,,,,,,,,,,,,,,,,,,,,,,,,-,-,-,,,,,,,,,,,,,failed,centralized,,,,,,,,,,,,,,✗ échec,Non,,,
Antigua-et-Barbuda,observation,Amériques,https://finance.gov.ag/,105.0,0.6428,0.3425,0.4166,0.7176,0.7943,,,,,,,O,O,N,Custom/Inconnu,4092.0,wayback,1,EN,O,N,O,N,N,O,N,N,N,N,N,N,N,N,N,N,N,N,N,N,N,N,N,N,N,N,N,N,N,N,N,N,N,N,N,N,N,O,N,,,,,,,,,,19.5,100.0,26.3,wayback,centralized,19.5,19.5,19.5,0.0,19.5,19.5,19.5,19.5,21.4,0.0,60.0,0.0,0.0,✓ collecté ⚠️ wayback,Oui,4,Profil D — Portail Émergent,
Suriname,observation,Amériques,https://gov.sr/ministerie-van-financien/,106.0,0.6365,0.2877,0.4814,0.5568,0.8714,,,,,,,O,O,O,WordPress,3199.0,direct,2,"EN, NL",O,N,N,N,O,O,O,N,N,N,O,N,N,O,N,N,N,N,N,O,O,N,N,N,N,N,N,N,N,O,N,N,N,N,N,N,N,O,N,,,,,,,,,,28.2,100.0,44.8,live,centralized,28.2,28.2,25.8,0.0,28.2,28.2,28.2,25.8,52.4,0.0,40.0,0.0,36.4,✓ collecté +2sat,Oui,3,Profil E — Portail Minimal,
Bosnie-Herzégovine,observation,Europe,https://www.mf.gov.ba/,107.0,0.6329,0.5479,0.5003,0.6222,0.7763,,,,,,,,,,,,direct,,,,,,,,,,,,,,,,,,,,,,,,,,,,,,,,,,,,,,,-,-,-,,,,,,,,,,,,,failed,centralized,,,,,,,,,,,,,,✗ échec,Non,,,
Ghana,observation,Afrique,https://www.mofep.gov.gh/,108.0,0.6317,0.5342,0.6084,0.5586,0.7281,,,,,,,O,O,N,Drupal,822.0,direct,1,EN,O,N,O,N,O,O,O,O,O,O,O,O,N,O,N,N,O,O,O,O,O,N,N,N,N,O,N,N,O,O,N,N,N,O,O,N,N,O,N,,,,,,,,,,67.5,100.0,81.1,live,centralized,67.5,67.5,67.5,0.0,67.5,67.5,67.5,67.5,42.9,66.7,100.0,77.3,63.6,✓ collecté +3sat,Oui,1,Profil B — Portail Transactionnel,portail
Kenya,observation,Afrique,https://www.treasury.go.ke/,109.0,0.6314,0.5205,0.777,0.5271,0.5901,,,,,,,O,O,N,Drupal,1946.0,direct,2,"EN, SW",O,N,O,N,O,O,O,O,O,O,O,O,N,O,N,N,O,O,O,O,O,N,N,O,N,O,N,N,N,O,N,N,O,O,N,N,N,O,N,,,,,,,,,,57.1,100.0,70.7,live,centralized,57.1,57.1,53.0,0.0,57.1,57.1,57.1,53.0,42.9,66.7,100.0,40.9,36.4,✓ collecté +4sat,Oui,1,Profil B — Portail Transactionnel,
St-Kitts,observation,Amériques,https://www.gov.kn/,110.0,0.6305,0.2055,0.3039,0.7202,0.8675,,,,,,,O,O,O,WordPress,755.0,direct,1,EN,O,N,N,N,O,N,O,O,O,O,O,O,N,N,N,N,N,N,O,O,N,N,N,N,N,N,N,N,N,O,N,N,N,N,N,N,N,N,N,,,,,,,,,,30.7,100.0,40.5,live,centralized,30.7,30.7,28.3,0.0,30.7,30.7,30.7,28.3,31.0,66.7,40.0,0.0,36.4,✓ collecté,Oui,3,Profil E — Portail Minimal,
Cap-Vert,observation,Afrique,https://www.mf.gov.cv/,111.0,0.6238,0.5479,0.6892,0.5694,0.6128,,,,,,,O,O,O,Custom/Inconnu,1612.0,direct,3,"EN, FR, PT",O,N,N,N,N,O,O,O,O,O,O,N,N,O,N,N,O,N,O,N,N,N,N,N,N,N,N,N,N,N,N,N,O,O,N,O,N,O,N,,,,,,,,,,32.9,100.0,42.7,live,centralized,32.9,32.9,28.8,0.0,32.9,32.9,32.9,28.8,31.0,66.7,0.0,40.9,36.4,✓ collecté,Oui,2,Profil C — Portail Communicant,
Botswana,observation,Afrique,https://www.finance.gov.bw/,112.0,0.6118,0.274,0.3985,0.5719,0.8649,,,,,,,O,O,N,,,satellites,1,EN,O,N,O,N,O,O,O,O,O,O,N,N,N,O,N,O,N,N,O,O,O,N,N,N,N,N,O,N,N,O,N,O,N,O,N,N,N,N,N,,,,,,,,,,50.0,100.0,72.7,satellite,mixed,59.1,59.1,50.0,-9.1,59.1,59.1,50.0,50.0,42.9,100.0,100.0,0.0,0.0,✓ collecté +3sat,Oui,1,Profil B — Portail Transactionnel,portail:https://www.finance.gov.bw/
Eswatini,observation,Afrique,https://www.gov.sz/,113.0,0.6081,0.3836,0.4557,0.5836,0.7851,,,,,,,O,O,N,Joomla,1805.0,direct,1,EN,O,N,O,O,O,N,O,N,N,N,O,N,N,O,N,N,N,O,N,O,N,N,N,N,N,N,N,N,N,N,N,N,O,N,N,N,N,O,N,,,,,,,,,,29.3,100.0,36.1,live,centralized,29.3,29.3,29.3,0.0,29.3,29.3,29.3,29.3,21.4,0.0,100.0,0.0,36.4,✓ collecté +2sat,Oui,3,Profil E — Portail Minimal,
Namibie,observation,Afrique,https://www.mof.gov.na/,114.0,0.6007,0.274,0.4996,0.5738,0.7288,,,,,,,O,O,N,Custom/Inconnu,,wayback,1,EN,O,N,O,N,N,O,O,O,O,N,N,N,N,O,N,N,N,O,N,N,O,N,N,N,N,N,N,N,N,N,N,N,N,N,N,N,N,O,N,,,,,,,,,,27.0,100.0,40.6,wayback,centralized,27.0,27.0,27.0,0.0,27.0,27.0,27.0,27.0,42.9,0.0,60.0,0.0,0.0,✓ collecté ⚠️ wayback,Oui,3,Profil E — Portail Minimal,
El Salvador,observation,Amériques,https://www.mh.gob.sv/,,,,,,,,,,,,,O,O,O,,,,1,ES,O,O,O,N,O,O,O,O,O,N,O,N,N,N,N,N,N,N,O,O,N,N,N,,,,,,,,,,,,,,-,-,-,,,,,,,,,,54.2,84.5,55.7,live,centralized,54.2,54.2,54.2,0.0,54.2,54.2,54.2,54.2,54.8,66.7,100.0,0.0,100.0,✓ collecté,Oui,2,Profil C — Portail Communicant,
Algérie,observation,Afrique,https://www.mof.gov.dz/,116.0,0.5956,0.0548,0.332,0.6418,0.8129,,,,,,,,,,,,direct,,,,,,,,,,,,,,,,,,,,,,,,,,,,,,,,,,,,,,,-,-,-,,,,,,,,,,,,,failed,centralized,,,,,,,,,,,,,,✗ échec,Non,,,
St-Vincent,observation,Amériques,https://www.gov.vc/,117.0,0.5876,0.3425,0.3906,0.6956,0.6767,,,,,,,O,O,N,Joomla,2199.0,direct,1,EN,O,N,N,N,O,O,O,N,N,N,O,N,N,O,N,N,N,N,N,O,N,N,N,N,N,N,N,N,O,O,N,N,N,N,N,N,N,N,N,,,,,,,,,,18.7,100.0,25.5,live,centralized,18.7,18.7,16.3,0.0,18.7,18.7,18.7,16.3,21.4,0.0,40.0,0.0,63.6,✓ collecté,Oui,3,Profil E — Portail Minimal,
Rwanda,observation,Afrique,https://www.minecofin.gov.rw/,118.0,0.5799,0.7534,0.8206,0.5467,0.3724,,,,,,,O,O,N,TYPO3,4129.0,direct,2,"EN, RW",O,N,O,N,N,O,O,O,O,O,O,O,N,O,N,O,N,O,N,N,N,N,N,N,N,O,O,N,N,O,N,N,N,O,N,N,N,N,N,,,,,,,,,,26.3,100.0,52.5,live,centralized,45.6,45.6,26.3,-19.3,45.6,45.6,26.3,26.3,21.4,33.3,60.0,0.0,36.4,✓ collecté +4sat,Oui,1,Profil B — Portail Transactionnel,portail:https://www.minecofin.gov.rw/
Népal,observation,Asie,https://www.mof.gov.np/,119.0,0.5781,0.2192,0.4481,0.521,0.7653,,,,,,,O,O,O,Custom/Inconnu,5431.0,direct,2,"EN, NE",O,N,N,N,O,O,O,N,O,N,N,N,N,O,N,N,N,O,N,N,N,N,N,N,N,N,N,N,N,O,N,N,N,N,N,O,N,O,N,,,,,,,,,,10.8,100.0,20.7,live,centralized,10.8,10.8,10.8,0.0,10.8,10.8,10.8,10.8,31.0,0.0,0.0,0.0,0.0,✓ collecté,Oui,3,Profil E — Portail Minimal,
Cambodge,observation,Asie,https://www.mef.gov.kh/,120.0,0.5754,0.3151,0.4503,0.5149,0.7609,,,,,,,,,,,,direct,,,,,,,,,,,,,,,,,,,,,,,,,,,,,,,,,,,,,,,-,-,-,,,,,,,,,,,,,failed,centralized,,,,,,,,,,,,,,✗ échec,Non,,,
Gabon,observation,Afrique,https://www.budget.gouv.ga/,121.0,0.5741,0.1233,0.3187,0.5772,0.8263,,,,,,,O,O,O,Custom/Inconnu,1597.0,direct,1,FR,O,N,O,N,O,O,O,O,O,N,N,N,N,O,O,N,N,N,N,N,N,N,N,N,N,N,N,N,N,N,N,O,N,O,N,N,N,N,N,,,,,,,,,,22.9,100.0,32.7,live,centralized,22.9,22.9,22.9,0.0,22.9,22.9,22.9,22.9,31.0,0.0,60.0,0.0,0.0,✓ collecté +2sat,Oui,3,Profil E — Portail Minimal,
Guatemala,observation,Amériques,https://www.minfin.gob.gt/,122.0,0.5738,0.4658,0.6538,0.4834,0.5843,,,,,,,O,O,N,,526.0,satellites,1,ES,O,N,O,N,O,O,O,O,O,O,O,O,O,O,N,N,O,O,O,N,N,N,O,N,N,N,N,N,N,N,N,N,N,N,N,N,N,N,N,,,,,,,,,,49.9,100.0,48.4,satellite,mixed,49.9,49.9,45.8,0.0,49.9,49.9,49.9,45.8,45.2,66.7,60.0,40.9,36.4,✓ collecté,Oui,2,Profil C — Portail Communicant,
Tadjikistan,observation,Asie,https://moliya.tj/,123.0,0.5605,0.274,0.4476,0.6531,0.581,,,,,,,O,O,N,Custom/Inconnu,3458.0,wayback,2,"EN, TG",O,N,O,N,N,O,N,O,N,N,O,N,N,O,N,N,N,N,N,N,N,N,N,N,N,N,N,N,N,N,N,N,N,N,N,N,N,N,N,,,,,,,,,,21.3,100.0,28.1,wayback,centralized,21.3,21.3,21.3,0.0,21.3,21.3,21.3,21.3,21.4,0.0,60.0,0.0,36.4,✓ collecté ⚠️ wayback,Oui,4,Profil D — Portail Émergent,
Côte d'Ivoire,observation,Afrique,https://www.finances.gouv.ci/,124.0,0.5587,0.411,0.5219,0.4848,0.6693,,,,,,,O,O,N,Custom/Inconnu,9034.0,playwright,2,"EN, FR",O,N,O,N,O,O,O,O,O,O,O,O,N,O,O,N,N,N,O,O,O,N,N,N,N,N,N,N,N,O,N,O,O,O,N,N,N,N,N,,,,,,,,,,46.8,100.0,79.8,live,centralized,66.2,66.2,46.8,-19.4,66.2,66.2,46.8,46.8,42.9,66.7,100.0,0.0,36.4,✓ collecté,Oui,1,Profil B — Portail Transactionnel,mention_confirmé
Libye,observation,Afrique,https://www.mof.gov.ly/,125.0,0.5466,0.0137,0.0808,0.5951,0.9639,,,,,,,O,O,O,WordPress,3584.0,direct,2,"AR, EN",O,N,N,N,O,O,O,O,N,N,N,N,N,O,N,N,N,O,O,N,N,N,N,N,N,N,N,N,N,O,N,O,N,N,N,O,N,O,N,,,,,,,,,,20.9,100.0,30.7,live,centralized,20.9,20.9,20.9,0.0,20.9,20.9,20.9,20.9,31.0,66.7,0.0,0.0,0.0,✓ collecté,Oui,3,Profil E — Portail Minimal,
Liban,observation,Asie,https://www.finance.gov.lb/,126.0,0.5449,0.4658,0.4489,0.5433,0.6425,,,,,,,O,O,N,Custom/Inconnu,4109.0,wayback,2,"AR, EN",O,N,O,N,O,O,O,O,O,N,O,N,N,O,O,O,N,O,O,O,N,N,N,N,N,N,N,N,N,N,N,N,N,N,N,N,N,N,N,,,,,,,,,,44.3,100.0,51.1,wayback,centralized,44.3,44.3,44.3,0.0,44.3,44.3,44.3,44.3,21.4,100.0,100.0,0.0,36.4,✓ collecté ⚠️ wayback,Oui,2,Profil C — Portail Communicant,
Dominique,observation,Amériques,https://finance.gov.dm/,127.0,0.5445,0.3014,0.3798,0.5781,0.6757,,,,,,,O,O,N,Joomla,5919.0,direct,2,"EN, FR",O,N,O,N,N,O,N,O,O,O,N,N,N,O,N,N,N,N,N,N,N,N,N,N,N,N,N,N,N,O,N,N,N,N,N,O,N,N,N,,,,,,,,,,19.5,100.0,26.3,live,centralized,19.5,19.5,19.5,0.0,19.5,19.5,19.5,19.5,21.4,0.0,60.0,0.0,0.0,✓ collecté,Oui,4,Profil D — Portail Émergent,
Guyana,observation,Amériques,https://www.finance.gov.gy/,128.0,0.5443,0.2192,0.3455,0.5933,0.6942,,,,,,,O,O,N,WordPress,,live,1,EN,O,N,O,N,O,O,O,O,O,O,O,O,N,O,N,O,N,O,O,O,O,N,N,N,N,N,N,O,N,O,N,N,O,N,N,N,N,O,N,,,,,,,,,,51.8,100.0,65.5,live,centralized,51.8,51.8,51.8,0.0,51.8,51.8,51.8,51.8,42.9,100.0,100.0,0.0,36.4,✓ collecté,Oui,1,Profil B — Portail Transactionnel,
Vanuatu,observation,Océanie,https://www.mfem.gov.vu/,129.0,0.5427,0.4658,0.4769,0.5347,0.6165,,,,,,,,,,,,direct,,,,,,,,,,,,,,,,,,,,,,,,,,,,,,,,,,,,,,,-,-,-,,,,,,,,,,,,,failed,centralized,,,,,,,,,,,,,,✗ échec +2sat,Non,,,
Zambie,observation,Afrique,https://www.mof.gov.zm/,130.0,0.5424,0.411,0.4958,0.6225,0.5088,,,,,,,O,O,N,WordPress,,wayback,1,EN,O,N,O,N,O,O,O,O,N,N,N,N,N,O,N,N,O,O,N,N,N,N,N,N,N,N,N,N,N,O,N,N,N,N,N,N,N,O,N,,,,,,,,,,29.7,100.0,36.5,wayback,centralized,29.7,29.7,25.6,0.0,29.7,29.7,29.7,25.6,21.4,0.0,60.0,40.9,0.0,✓ collecté ⚠️ wayback,Oui,3,Profil E — Portail Minimal,
Venezuela,observation,Amériques,https://www.mppef.gob.ve/,131.0,0.536,0.2192,0.3576,0.7115,0.5391,,,,,,,O,O,O,WordPress,2046.0,direct,1,ES,O,N,O,O,O,O,O,O,O,N,O,O,N,O,N,N,N,O,N,N,N,N,N,N,N,N,N,N,N,O,N,O,N,N,N,N,N,N,N,,,,,,,,,,24.7,100.0,34.5,live,centralized,24.7,24.7,24.7,0.0,24.7,24.7,24.7,24.7,31.0,0.0,60.0,0.0,36.4,✓ collecté +2sat,Oui,3,Profil E — Portail Minimal,
Nicaragua,observation,Amériques,https://www.hacienda.gob.ni/,132.0,0.5318,0.2329,0.4493,0.561,0.5851,,,,,,,O,O,N,WordPress,,wayback,2,"EN, ES",O,N,O,N,O,O,O,O,O,O,O,O,O,O,N,N,N,O,N,O,N,N,N,N,N,N,N,N,N,O,N,N,N,N,N,O,N,O,N,,,,,,,,,,29.3,100.0,36.1,wayback,centralized,29.3,29.3,29.3,0.0,29.3,29.3,29.3,29.3,21.4,0.0,100.0,0.0,36.4,✓ collecté +3sat ⚠️ wayback,Oui,3,Profil E — Portail Minimal,
Ste-Lucie,observation,Amériques,https://www.finance.gov.lc/,133.0,0.5255,0.137,0.3229,0.6037,0.6498,,,,,,,O,N,O,Joomla,1888.0,direct,1,EN,O,N,N,N,O,O,O,O,N,N,N,N,N,O,N,N,N,N,N,N,N,N,N,N,N,N,N,N,N,N,N,N,N,O,N,N,N,O,N,,,,,,,,,,8.3,100.0,15.9,live,centralized,8.3,8.3,8.3,0.0,8.3,8.3,8.3,8.3,23.8,0.0,0.0,0.0,0.0,✓ collecté,Oui,3,Profil E — Portail Minimal,
Tonga,observation,Océanie,https://www.mof.gov.to/,134.0,0.5164,0.3288,0.322,0.7488,0.4784,,,,,,,,,,,,direct,,,,,,,,,,,,,,,,,,,,,,,,,,,,,,,,,,,,,,,-,-,-,,,,,,,,,,,,,failed,centralized,,,,,,,,,,,,,,✗ échec +2sat,Non,,,
Sénégal,observation,Afrique,https://www.finances.gouv.sn/,135.0,0.5162,0.4247,0.4779,0.338,0.7329,,,,,,,O,O,N,Custom/Inconnu,2874.0,direct,2,"EN, FR",O,N,O,N,O,O,N,O,O,O,O,O,N,O,O,O,N,O,O,O,O,N,N,N,N,O,N,N,N,O,N,N,N,O,N,O,N,N,N,,,,,,,,,,51.8,100.0,65.5,live,centralized,51.8,51.8,51.8,0.0,51.8,51.8,51.8,51.8,42.9,100.0,100.0,0.0,36.4,✓ collecté +3sat,Oui,1,Profil B — Portail Transactionnel,
Pakistan,observation,Asie,https://www.finance.gov.pk/,136.0,0.5095,0.4932,0.7042,0.35,0.4745,,,,,,,O,O,N,Custom/Inconnu,618.0,direct,1,UR,N,N,N,N,O,O,O,O,O,O,O,O,N,O,O,O,N,O,O,O,O,N,N,N,N,N,N,N,N,O,N,O,N,O,N,N,N,N,N,,,,,,,,,,37.3,100.0,48.7,live,centralized,37.3,37.3,34.9,0.0,37.3,37.3,37.3,34.9,35.7,100.0,40.0,0.0,36.4,✓ collecté +3sat,Oui,1,Profil B — Portail Transactionnel,
Palaos,observation,Océanie,https://www.palaugov.pw/,,,,,,,,,,,,,O,,,,,,,,,,,,,,,,,,,,,,,,,,,,,,,,,,,,,,,,,,,,-,-,-,,,,,,,,,,,,,live,centralized,,,,,,,,,,,,,,✗ erreur,?,,,
Myanmar,observation,Asie,https://www.mopf.gov.mm/en,138.0,0.5001,0.1644,0.3259,0.5081,0.6662,,,,,,,O,O,N,Drupal,5028.0,wayback,2,"EN, MY",O,N,O,N,O,O,O,O,N,N,O,N,N,O,N,N,N,N,N,O,N,N,N,N,N,N,N,N,N,N,N,N,N,N,N,O,N,N,N,,,,,,,,,,29.3,100.0,36.1,wayback,centralized,29.3,29.3,29.3,0.0,29.3,29.3,29.3,29.3,21.4,0.0,100.0,0.0,36.4,✓ collecté +1sat ⚠️ wayback,Oui,3,Profil E — Portail Minimal,
Cuba,observation,Amériques,https://www.mfp.gob.cu/,139.0,0.4921,0.0548,0.2298,0.7148,0.5318,,,,,,,O,O,N,Macromedia,2442.0,direct,3,"EN, ES, PT",O,N,O,N,O,O,N,O,O,N,O,N,N,O,N,N,N,O,N,N,O,N,N,N,N,N,N,N,N,O,N,O,N,N,N,O,N,O,N,,,,,,,,,,28.8,100.0,42.5,live,centralized,28.8,28.8,28.8,0.0,28.8,28.8,28.8,28.8,42.9,0.0,60.0,0.0,36.4,✓ collecté +1sat,Oui,3,Profil E — Portail Minimal,
Samoa,observation,Océanie,https://www.mof.gov.ws/,140.0,0.4899,0.3014,0.3638,0.6453,0.4607,,,,,,,O,O,N,Webflow,2751.0,direct,2,"EN, SM",O,N,N,N,O,O,O,O,N,O,O,N,N,O,N,N,N,O,N,N,N,N,N,N,N,N,N,N,N,N,N,N,N,O,N,N,N,N,N,,,,,,,,,,9.3,100.0,16.1,live,centralized,9.3,9.3,9.3,0.0,9.3,9.3,9.3,9.3,21.4,0.0,0.0,0.0,36.4,✓ collecté +1sat,Oui,3,Profil E — Portail Minimal,
Belize,observation,Amériques,https://www.mof.gov.bz/,141.0,0.4872,0.2329,0.4054,0.527,0.5292,,,,,,,,,,,,direct,,,,,,,,,,,,,,,,,,,,,,,,,,,,,,,,,,,,,,,-,-,-,,,,,,,,,,,,,failed,centralized,,,,,,,,,,,,,,✗ échec +2sat,Non,,,
Honduras,observation,Amériques,https://www.sefin.gob.hn/,142.0,0.4856,0.3014,0.4587,0.5182,0.4799,,,,,,,O,O,O,,,direct,1,ES,O,N,N,N,O,O,O,O,O,O,O,O,O,O,N,N,O,O,O,N,N,N,N,,,,,,,,,,,,,,-,-,-,,,,,,,,,,41.9,84.5,51.8,live,centralized,41.9,41.9,35.5,0.0,41.9,41.9,41.9,35.5,31.0,66.7,0.0,64.3,100.0,✓ collecté,Oui,2,Profil C — Portail Communicant,
Iles Marshall,observation,Océanie,https://www.rmimof.org/,143.0,0.4823,0.3288,0.3586,0.7836,0.3047,,,,,,,,,,,,direct,,,,,,,,,,,,,,,,,,,,,,,,,,,,,,,,,,,,,,,-,-,-,,,,,,,,,,,,,failed,centralized,,,,,,,,,,,,,,✗ échec,Non,,,
Nigéria,observation,Afrique,https://www.finance.gov.ng/,144.0,0.4815,0.3699,0.5372,0.4236,0.4835,,,,,,,,,,,,direct,,,,,,,,,,,,,,,,,,,,,,,,,,,,,,,,,,,,,,,-,-,-,,,,,,,,,,,,,failed,centralized,,,,,,,,,,,,,,✗ échec,Non,,,
Turkménistan,observation,Asie,https://www.minfin.gov.tm/,145.0,0.4757,0.0411,0.2506,0.6614,0.5151,,,,,,,,,,,,direct,,,,,,,,,,,,,,,,,,,,,,,,,,,,,,,,,,,,,,,-,-,-,,,,,,,,,,,,,failed,centralized,,,,,,,,,,,,,,✗ échec,Non,,,
Bénin,observation,Afrique,https://www.finances.bj/,146.0,0.4578,0.3699,0.5202,0.3715,0.4817,,,,,,,,,,,,direct,,,,,,,,,,,,,,,,,,,,,,,,,,,,,,,,,,,,,,,-,-,-,,,,,,,,,,,,,failed,centralized,,,,,,,,,,,,,,✗ échec +3sat,Non,,,
Kiribati,observation,Océanie,https://www.mfed.gov.ki/,147.0,0.4572,0.3288,0.3903,0.6269,0.3544,,,,,,,,,,,,direct,,,,,,,,,,,,,,,,,,,,,,,,,,,,,,,,,,,,,,,-,-,-,,,,,,,,,,,,,failed,centralized,,,,,,,,,,,,,,✗ échec,Non,,,
Irak,observation,Asie,https://www.mof.gov.iq/,148.0,0.4572,0.0959,0.1875,0.4967,0.6874,,,,,,,,,,,,direct,,,,,,,,,,,,,,,,,,,,,,,,,,,,,,,,,,,,,,,-,-,-,,,,,,,,,,,,,failed,centralized,,,,,,,,,,,,,,✗ échec,Non,,,
Zimbabwe,observation,Afrique,https://www.zimtreasury.gov.zw/,149.0,0.4481,0.274,0.41,0.5395,0.3947,,,,,,,,,,,,direct,,,,,,,,,,,,,,,,,,,,,,,,,,,,,,,,,,,,,,,-,-,-,,,,,,,,,,,,,failed,centralized,,,,,,,,,,,,,,✗ échec +4sat,Non,,,
Ouganda,observation,Afrique,https://www.finance.go.ug/,150.0,0.4464,0.4384,0.6069,0.5023,0.2299,,,,,,,O,O,N,,,direct,1,EN,O,N,N,N,N,O,O,N,O,N,O,N,N,O,N,N,O,O,N,N,N,N,N,,,,,,,,,,,,,,-,-,-,,,,,,,,,,28.6,84.5,35.4,live,centralized,28.6,28.6,22.1,0.0,28.6,28.6,28.6,22.1,21.4,0.0,0.0,64.3,100.0,✓ collecté,Oui,2,Profil C — Portail Communicant,
Nauru,observation,Océanie,https://www.naurugov.nr/,151.0,0.4454,0.2329,0.2439,0.5061,0.5863,,,,,,,,,,,,direct,,,,,,,,,,,,,,,,,,,,,,,,,,,,,,,,,,,,,,,-,-,-,,,,,,,,,,,,,failed,centralized,,,,,,,,,,,,,,✗ échec +1sat,Non,,,
Laos,observation,Asie,https://www.mof.gov.la/,152.0,0.4404,0.2877,0.3265,0.4608,0.5338,,,,,,,,,,,,direct,,,,,,,,,,,,,,,,,,,,,,,,,,,,,,,,,,,,,,,-,-,-,,,,,,,,,,,,,failed,centralized,,,,,,,,,,,,,,✗ échec,Non,,,
Tanzanie,observation,Afrique,https://www.mof.go.tz/,153.0,0.4327,0.2877,0.4791,0.4399,0.3792,,,,,,,O,O,O,,,direct,1,SW,O,N,N,N,O,O,O,O,O,O,O,O,N,O,O,N,N,O,N,O,N,N,N,,,,,,,,,,,,,,-,-,-,,,,,,,,,,23.9,84.5,33.7,live,centralized,23.9,23.9,21.4,0.0,23.9,23.9,23.9,21.4,31.0,0.0,40.0,0.0,100.0,✓ collecté,Oui,3,Profil E — Portail Minimal,
São Tomé,observation,Afrique,https://www.minfin.st/,154.0,0.4308,0.1644,0.2156,0.5928,0.4839,,,,,,,,,,,,direct,,,,,,,,,,,,,,,,,,,,,,,,,,,,,,,,,,,,,,,-,-,-,,,,,,,,,,,,,failed,centralized,,,,,,,,,,,,,,✗ échec,Non,,,
Cameroun,observation,Afrique,https://www.minfi.gov.cm/,155.0,0.4294,0.4247,0.3988,0.5192,0.37,,,,,,,,,,,,direct,,,,,,,,,,,,,,,,,,,,,,,,,,,,,,,,,,,,,,,-,-,-,,,,,,,,,,,,,failed,centralized,,,,,,,,,,,,,,✗ échec +2sat,Non,,,
Angola,observation,Afrique,https://minfin.gov.ao/,156.0,0.4149,0.2192,0.3962,0.476,0.3724,,,,,,,,,,,,direct,,,,,,,,,,,,,,,,,,,,,,,,,,,,,,,,,,,,,,,-,-,-,,,,,,,,,,,,,failed,centralized,,,,,,,,,,,,,,✗ échec +3sat,Non,,,
Lesotho,observation,Afrique,https://www.finance.gov.ls/,157.0,0.4123,0.2055,0.2864,0.4862,0.4643,,,,,,,,,,,,direct,,,,,,,,,,,,,,,,,,,,,,,,,,,,,,,,,,,,,,,-,-,-,,,,,,,,,,,,,failed,centralized,,,,,,,,,,,,,,✗ échec +2sat,Non,,,
Tuvalu,observation,Océanie,https://tuvalu.gov.tv/,158.0,0.4042,0.0685,0.1944,0.5463,0.472,,,,,,,,,,,,direct,,,,,,,,,,,,,,,,,,,,,,,,,,,,,,,,,,,,,,,-,-,-,,,,,,,,,,,,,failed,centralized,,,,,,,,,,,,,,✗ échec +1sat,Non,,,
Timor-Leste,observation,Asie,https://www.mof.gov.tl/,159.0,0.402,0.3288,0.3406,0.5104,0.3551,,,,,,,,,,,,direct,,,,,,,,,,,,,,,,,,,,,,,,,,,,,,,,,,,,,,,-,-,-,,,,,,,,,,,,,failed,centralized,,,,,,,,,,,,,,✗ échec +3sat,Non,,,
Guinée,observation,Afrique,https://www.mef.gov.gn/,160.0,0.4006,0.5068,0.4808,0.2887,0.4323,,,,,,,,,,,,direct,,,,,,,,,,,,,,,,,,,,,,,,,,,,,,,,,,,,,,,-,-,-,,,,,,,,,,,,,failed,centralized,,,,,,,,,,,,,,✗ échec,Non,,,
Togo,observation,Afrique,https://finances.gouv.tg/,161.0,0.392,0.4521,0.4472,0.4813,0.2474,,,,,,,,,,,,direct,,,,,,,,,,,,,,,,,,,,,,,,,,,,,,,,,,,,,,,-,-,-,,,,,,,,,,,,,failed,centralized,,,,,,,,,,,,,,✗ échec +4sat,Non,,,
Syrie,observation,Asie,https://www.mof.gov.sy/,162.0,0.3888,0.0685,0.3068,0.4169,0.4426,,,,,,,,,,,,direct,,,,,,,,,,,,,,,,,,,,,,,,,,,,,,,,,,,,,,,-,-,-,,,,,,,,,,,,,failed,centralized,,,,,,,,,,,,,,✗ échec,Non,,,
Malawi,observation,Afrique,https://www.finance.gov.mw/,163.0,0.3753,0.4521,0.4625,0.4749,0.1886,,,,,,,,,,,,direct,,,,,,,,,,,,,,,,,,,,,,,,,,,,,,,,,,,,,,,-,-,-,,,,,,,,,,,,,failed,centralized,,,,,,,,,,,,,,✗ échec +2sat,Non,,,
Iles Salomon,observation,Océanie,https://www.mof.gov.sb/,164.0,0.3681,0.3699,0.497,0.4262,0.1811,,,,,,,,,,,,direct,,,,,,,,,,,,,,,,,,,,,,,,,,,,,,,,,,,,,,,-,-,-,,,,,,,,,,,,,failed,centralized,,,,,,,,,,,,,,✗ échec,Non,,,
Mauritanie,observation,Afrique,https://www.finances.gov.mr/,165.0,0.3491,0.1233,0.1688,0.2962,0.5824,,,,,,,,,,,,direct,,,,,,,,,,,,,,,,,,,,,,,,,,,,,,,,,,,,,,,-,-,-,,,,,,,,,,,,,failed,centralized,,,,,,,,,,,,,,✗ échec,Non,,,
Congo (Brazza.),observation,Afrique,https://www.finances-congo.cg/,166.0,0.3391,0.0822,0.276,0.4637,0.2776,,,,,,,,,,,,direct,,,,,,,,,,,,,,,,,,,,,,,,,,,,,,,,,,,,,,,-,-,-,,,,,,,,,,,,,failed,centralized,,,,,,,,,,,,,,✗ échec,Non,,,
Micronésie,observation,Océanie,https://www.fsmgov.org/,167.0,0.3235,0.137,0.2621,0.5735,0.135,,,,,,,,,,,,direct,,,,,,,,,,,,,,,,,,,,,,,,,,,,,,,,,,,,,,,-,-,-,,,,,,,,,,,,,failed,centralized,,,,,,,,,,,,,,✗ échec,Non,,,
Madagascar,observation,Afrique,https://mef.gov.mg/,168.0,0.3235,0.3014,0.4045,0.4141,0.1518,,,,,,,,,,,,direct,,,,,,,,,,,,,,,,,,,,,,,,,,,,,,,,,,,,,,,-,-,-,,,,,,,,,,,,,failed,centralized,,,,,,,,,,,,,,✗ échec +3sat,Non,,,
Éthiopie,observation,Afrique,https://www.mofec.gov.et/,169.0,0.3111,0.1644,0.3419,0.3254,0.2659,,,,,,,,,,,,direct,,,,,,,,,,,,,,,,,,,,,,,,,,,,,,,,,,,,,,,-,-,-,,,,,,,,,,,,,failed,centralized,,,,,,,,,,,,,,✗ échec,Non,,,
Guinée-Bissau,observation,Afrique,https://www.mf.gov.gw/,170.0,0.3083,0.2192,0.127,0.3077,0.4902,,,,,,,,,,,,direct,,,,,,,,,,,,,,,,,,,,,,,,,,,,,,,,,,,,,,,-,-,-,,,,,,,,,,,,,failed,centralized,,,,,,,,,,,,,,✗ échec,Non,,,
Papouasie-NG,observation,Océanie,https://www.treasury.gov.pg/,171.0,0.3076,0.1918,0.3392,0.3984,0.1851,,,,,,,,,,,,direct,,,,,,,,,,,,,,,,,,,,,,,,,,,,,,,,,,,,,,,-,-,-,,,,,,,,,,,,,failed,centralized,,,,,,,,,,,,,,✗ échec,Non,,,
Sierra Leone,observation,Afrique,https://www.mof.gov.sl/,172.0,0.3042,0.3288,0.3823,0.2718,0.2585,,,,,,,,,,,,direct,,,,,,,,,,,,,,,,,,,,,,,,,,,,,,,,,,,,,,,-,-,-,,,,,,,,,,,,,failed,centralized,,,,,,,,,,,,,,✗ échec +2sat,Non,,,
Mali,observation,Afrique,https://www.finances.gouv.ml/,173.0,0.3005,0.274,0.3334,0.125,0.4432,,,,,,,,,,,,direct,,,,,,,,,,,,,,,,,,,,,,,,,,,,,,,,,,,,,,,-,-,-,,,,,,,,,,,,,failed,centralized,,,,,,,,,,,,,,✗ échec +2sat,Non,,,
Djibouti,observation,Afrique,https://www.ministere-finances.dj/,174.0,0.291,0.0959,0.2092,0.28,0.384,,,,,,,,,,,,direct,,,,,,,,,,,,,,,,,,,,,,,,,,,,,,,,,,,,,,,-,-,-,,,,,,,,,,,,,failed,centralized,,,,,,,,,,,,,,✗ échec +2sat,Non,,,
Burkina Faso,observation,Afrique,https://www.finances.gov.bf/,175.0,0.2895,0.2192,0.3376,0.1668,0.364,,,,,,,,,,,,direct,,,,,,,,,,,,,,,,,,,,,,,,,,,,,,,,,,,,,,,-,-,-,,,,,,,,,,,,,failed,centralized,,,,,,,,,,,,,,✗ échec +3sat,Non,,,
Guinée équatoriale,observation,Afrique,https://www.mhacienda.gov.gq/,176.0,0.2855,0.2329,0.1932,0.4102,0.2532,,,,,,,,,,,,direct,,,,,,,,,,,,,,,,,,,,,,,,,,,,,,,,,,,,,,,-,-,-,,,,,,,,,,,,,failed,centralized,,,,,,,,,,,,,,✗ échec,Non,,,
Mozambique,observation,Afrique,https://www.mef.gov.mz/,177.0,0.2848,0.2055,0.3959,0.3952,0.0632,,,,,,,,,,,,direct,,,,,,,,,,,,,,,,,,,,,,,,,,,,,,,,,,,,,,,-,-,-,,,,,,,,,,,,,failed,centralized,,,,,,,,,,,,,,✗ échec +2sat,Non,,,
Soudan,observation,Afrique,https://www.mof.gov.sd/,178.0,0.2759,0.0685,0.1293,0.2593,0.4392,,,,,,,,,,,,direct,,,,,,,,,,,,,,,,,,,,,,,,,,,,,,,,,,,,,,,-,-,-,,,,,,,,,,,,,failed,centralized,,,,,,,,,,,,,,✗ échec,Non,,,
RD Congo,observation,Afrique,https://www.budget.gouv.cd/,179.0,0.2715,0.2466,0.2067,0.4487,0.1591,,,,,,,,,,,,direct,,,,,,,,,,,,,,,,,,,,,,,,,,,,,,,,,,,,,,,-,-,-,,,,,,,,,,,,,failed,centralized,,,,,,,,,,,,,,✗ échec,Non,,,
Comores,observation,Afrique,https://www.mf.gouv.km/,180.0,0.2586,0.0,0.023,0.3992,0.3537,,,,,,,,,,,,direct,,,,,,,,,,,,,,,,,,,,,,,,,,,,,,,,,,,,,,,-,-,-,,,,,,,,,,,,,failed,centralized,,,,,,,,,,,,,,✗ échec,Non,,,
Gambie,observation,Afrique,https://www.mofea.gov.gm/,181.0,0.2552,0.1781,0.0955,0.2823,0.3877,,,,,,,,,,,,direct,,,,,,,,,,,,,,,,,,,,,,,,,,,,,,,,,,,,,,,-,-,-,,,,,,,,,,,,,failed,centralized,,,,,,,,,,,,,,✗ échec,Non,,,
Libéria,observation,Afrique,https://www.mof.gov.lr/,182.0,0.2513,0.1644,0.2633,0.3669,0.1238,,,,,,,,,,,,direct,,,,,,,,,,,,,,,,,,,,,,,,,,,,,,,,,,,,,,,-,-,-,,,,,,,,,,,,,failed,centralized,,,,,,,,,,,,,,✗ échec,Non,,,
Burundi,observation,Afrique,https://www.minifin.gov.bi/,183.0,0.248,0.2192,0.3146,0.3966,0.0331,,,,,,,O,O,N,,,satellites,1,FR,O,N,N,N,O,O,O,O,O,N,O,N,N,O,O,N,N,N,N,O,N,N,N,N,N,N,N,O,N,O,N,O,N,O,N,N,N,N,N,,,,,,,,,,17.3,100.0,24.1,satellite,mixed,17.3,17.3,14.9,0.0,17.3,17.3,17.3,14.9,21.4,0.0,40.0,0.0,36.4,✓ collecté +3sat,Oui,3,Profil E — Portail Minimal,
Corée du Nord,observation,Asie,—,184.0,0.232,0.0,0.0291,0.4924,0.1745,,,,,,,N,,,,,,,,,,,,,,,,,,,,,,,,,,,,,,,,,,,,,,,,,,,,-,-,-,,,,,,,,,,,,,failed,centralized,,,,,,,,,,,,,,— URL inconnue,—,,,
Yémen,observation,Asie,https://www.mof.gov.ye/,185.0,0.2318,0.1507,0.1377,0.267,0.2904,,,,,,,O,O,N,WordPress,,wayback,2,"AR, EN",O,N,O,N,N,O,O,O,O,N,N,N,N,O,N,N,N,N,N,N,N,N,N,N,N,N,N,O,N,O,N,O,N,N,N,O,N,O,N,,,,,,,,,,19.5,100.0,26.3,wayback,centralized,19.5,19.5,19.5,0.0,19.5,19.5,19.5,19.5,21.4,0.0,60.0,0.0,0.0,✓ collecté ⚠️ wayback,Oui,3,Profil E — Portail Minimal,
Haïti,observation,Amériques,https://mefhaiti.gouv.ht/,186.0,0.2117,0.0959,0.1379,0.2883,0.2087,,,,,,,O,N,N,Custom/Inconnu,4609.0,wayback,2,"EN, HT",N,N,O,N,N,N,N,N,N,N,N,N,N,N,N,N,N,N,N,N,N,N,N,N,N,N,N,N,N,N,N,N,N,N,N,N,N,N,N,,,,,,,,,,14.5,100.0,16.8,wayback,centralized,14.5,14.5,14.5,0.0,14.5,14.5,14.5,14.5,7.1,0.0,60.0,0.0,0.0,✓ collecté ⚠️ wayback,Oui,4,Profil D — Portail Émergent,
Niger,observation,Afrique,https://www.finances.gouv.ne/,187.0,0.2116,0.2055,0.3084,0.1685,0.1578,,,,,,,O,O,N,Joomla,9252.0,direct,1,FR,O,N,O,N,N,O,O,O,O,O,O,N,N,O,O,O,N,O,O,N,O,N,N,N,N,N,N,N,N,O,N,O,N,O,N,N,N,O,N,,,,,,,,,,43.8,100.0,57.5,live,centralized,43.8,43.8,43.8,0.0,43.8,43.8,43.8,43.8,42.9,100.0,60.0,0.0,36.4,✓ collecté +2sat,Oui,1,Profil B — Portail Transactionnel,
Afghanistan,observation,Asie,https://www.mof.gov.af/,188.0,0.2083,0.1096,0.1438,0.2643,0.2167,,,,,,,O,O,O,Drupal,1738.0,direct,4,"AR, EN, FA, PS",O,N,O,N,O,N,O,O,O,N,O,N,N,O,N,N,N,N,N,O,N,N,N,N,N,N,N,N,N,N,N,N,N,N,N,O,N,N,N,,,,,,,,,,32.7,100.0,42.5,live,centralized,32.7,32.7,32.7,0.0,32.7,32.7,32.7,32.7,31.0,0.0,100.0,0.0,36.4,✓ collecté +1sat,Oui,3,Profil E — Portail Minimal,
Tchad,observation,Afrique,https://www.finances.gouv.td/,189.0,0.1785,0.3151,0.2674,0.1488,0.1195,,,,,,,O,O,N,Joomla,1199.0,direct,1,FR,O,N,O,N,N,O,O,O,O,O,N,N,N,O,O,O,N,N,N,O,N,N,N,N,N,N,N,N,N,O,N,N,O,O,N,N,N,N,N,,,,,,,,,,32.5,100.0,39.3,live,centralized,32.5,32.5,32.5,0.0,32.5,32.5,32.5,32.5,21.4,33.3,100.0,0.0,0.0,✓ collecté,Oui,3,Profil E — Portail Minimal,
Érythrée,observation,Afrique,—,190.0,0.1576,0.0137,0.0,0.3324,0.1405,,,,,,,N,,,,,,,,,,,,,,,,,,,,,,,,,,,,,,,,,,,,,,,,,,,,-,-,-,,,,,,,,,,,,,failed,centralized,,,,,,,,,,,,,,— URL inconnue,—,,,
Somalie,observation,Afrique,https://mof.gov.so/,191.0,0.1468,0.2877,0.2971,0.0,0.1432,,,,,,,O,O,N,Drupal,901.0,direct,2,"EN, SO",O,N,N,N,N,O,O,O,O,N,O,N,N,O,N,N,N,O,N,N,N,N,N,N,N,N,N,N,N,N,O,O,N,N,N,O,N,O,N,,,,,,,,,,11.1,100.0,17.9,live,centralized,11.1,11.1,11.1,0.0,11.1,11.1,11.1,11.1,21.4,0.0,0.0,0.0,72.7,✓ collecté,Oui,3,Profil E — Portail Minimal,
Soudan du Sud,observation,Afrique,https://mofep.gov.ss/,192.0,0.1191,0.1096,0.1504,0.1521,0.0547,,,,,,,,,,,,direct,,,,,,,,,,,,,,,,,,,,,,,,,,,,,,,,,,,,,,,-,-,-,,,,,,,,,,,,,failed,centralized,,,,,,,,,,,,,,✗ échec,Non,,,
RCA,observation,Afrique,https://www.finances.gouv.cf/,193.0,0.0947,0.0822,0.1128,0.1713,0.0,,,,,,,O,O,N,Drupal,640.0,direct,2,"EN, FR",N,N,N,N,O,O,O,O,O,N,O,N,N,O,N,N,N,O,N,N,N,N,N,N,N,N,N,N,N,O,N,N,N,N,N,O,N,O,N,,,,,,,,,,6.8,100.0,11.4,live,centralized,6.8,6.8,6.8,0.0,6.8,6.8,6.8,6.8,14.3,0.0,0.0,0.0,36.4,✓ collecté,Oui,3,Profil E — Portail Minimal,
